/* Generated by packaging/icons/icon_tools.py - do not edit.
 * Window/taskbar icon embedded as a 32-bit BMP, passed to Aeron
 * through AeronConfig; regenerate after changing the master image. */

static const unsigned char tie_window_icon_bmp[16506] = {
	0x42, 0x4d, 0x7a, 0x40, 0x00, 0x00, 0x00, 0x00, 0x00, 0x00, 0x7a, 0x00, 0x00, 0x00, 0x6c, 0x00, 0x00,
	0x00, 0x40, 0x00, 0x00, 0x00, 0x40, 0x00, 0x00, 0x00, 0x01, 0x00, 0x20, 0x00, 0x03, 0x00, 0x00, 0x00,
	0x00, 0x40, 0x00, 0x00, 0x13, 0x0b, 0x00, 0x00, 0x13, 0x0b, 0x00, 0x00, 0x00, 0x00, 0x00, 0x00, 0x00,
	0x00, 0x00, 0x00, 0x00, 0x00, 0xff, 0x00, 0x00, 0xff, 0x00, 0x00, 0xff, 0x00, 0x00, 0x00, 0x00, 0x00,
	0x00, 0xff, 0x42, 0x47, 0x52, 0x73, 0x00, 0x00, 0x00, 0x00, 0x00, 0x00, 0x00, 0x00, 0x00, 0x00, 0x00,
	0x00, 0x00, 0x00, 0x00, 0x00, 0x00, 0x00, 0x00, 0x00, 0x00, 0x00, 0x00, 0x00, 0x00, 0x00, 0x00, 0x00,
	0x00, 0x00, 0x00, 0x00, 0x00, 0x00, 0x00, 0x00, 0x00, 0x00, 0x00, 0x00, 0x00, 0x00, 0x00, 0x00, 0x00,
	0x00, 0x00, 0x00, 0x00, 0x00, 0x00, 0x00, 0x00, 0x00, 0x00, 0x00, 0x00, 0x00, 0x00, 0x00, 0x00, 0x00,
	0x00, 0x00, 0x00, 0x00, 0x00, 0x00, 0x00, 0x00, 0x00, 0x00, 0x5f, 0x72, 0x56, 0x1b, 0x39, 0x42, 0x31,
	0x76, 0x31, 0x34, 0x2a, 0xb7, 0x2e, 0x2f, 0x27, 0xde, 0x2b, 0x2d, 0x24, 0xf1, 0x28, 0x2a, 0x21, 0xf4,
	0x27, 0x29, 0x1f, 0xf4, 0x26, 0x28, 0x1e, 0xf5, 0x26, 0x28, 0x1d, 0xf9, 0x25, 0x28, 0x1d, 0xf9, 0x25,
	0x28, 0x1d, 0xf9, 0x25, 0x29, 0x1e, 0xf9, 0x25, 0x29, 0x1e, 0xf9, 0x25, 0x29, 0x1e, 0xf9, 0x25, 0x29,
	0x1d, 0xfa, 0x25, 0x29, 0x1d, 0xf9, 0x25, 0x28, 0x1d, 0xf9, 0x25, 0x28, 0x1d, 0xf9, 0x25, 0x28, 0x1d,
	0xf9, 0x24, 0x28, 0x1d, 0xf9, 0x24, 0x28, 0x1e, 0xf9, 0x24, 0x28, 0x1d, 0xf8, 0x24, 0x28, 0x1e, 0xf9,
	0x25, 0x29, 0x1e, 0xfa, 0x25, 0x29, 0x1d, 0xfa, 0x24, 0x28, 0x1d, 0xfa, 0x24, 0x28, 0x1c, 0xf9, 0x23,
	0x28, 0x1c, 0xf9, 0x23, 0x28, 0x1d, 0xfa, 0x23, 0x27, 0x1b, 0xfa, 0x23, 0x28, 0x1c, 0xfb, 0x23, 0x28,
	0x1c, 0xfa, 0x24, 0x28, 0x1d, 0xfa, 0x24, 0x28, 0x1d, 0xf9, 0x24, 0x28, 0x1e, 0xf8, 0x24, 0x27, 0x1e,
	0xf8, 0x24, 0x27, 0x1e, 0xf6, 0x24, 0x27, 0x1e, 0xf6, 0x24, 0x28, 0x1f, 0xf6, 0x25, 0x28, 0x1f, 0xf6,
	0x25, 0x28, 0x1f, 0xf6, 0x25, 0x28, 0x1f, 0xf6, 0x24, 0x28, 0x1f, 0xf6, 0x24, 0x27, 0x1f, 0xf6, 0x23,
	0x27, 0x1e, 0xf6, 0x23, 0x26, 0x1e, 0xf6, 0x24, 0x27, 0x1e, 0xf7, 0x26, 0x28, 0x20, 0xf3, 0x28, 0x2a,
	0x23, 0xe4, 0x2d, 0x30, 0x28, 0xbf, 0x37, 0x3d, 0x33, 0x7d, 0x5e, 0x69, 0x58, 0x21, 0x00, 0x00, 0x00,
	0x00, 0x00, 0x00, 0x00, 0x00, 0x00, 0x00, 0x00, 0x00, 0x00, 0x00, 0x00, 0x00, 0x00, 0x00, 0x00, 0x00,
	0x00, 0x00, 0x00, 0x00, 0x00, 0x00, 0x00, 0x00, 0x00, 0x00, 0x00, 0x00, 0x00, 0x00, 0x00, 0x00, 0x00,
	0x00, 0x00, 0x00, 0x70, 0x87, 0x69, 0x10, 0x3c, 0x45, 0x37, 0x94, 0x27, 0x28, 0x22, 0xf9, 0x20, 0x1e,
	0x1b, 0xff, 0x1f, 0x1d, 0x1b, 0xff, 0x1f, 0x1d, 0x1a, 0xff, 0x1e, 0x1d, 0x19, 0xff, 0x1e, 0x1d, 0x18,
	0xff, 0x1e, 0x1c, 0x17, 0xff, 0x1e, 0x1c, 0x17, 0xff, 0x1d, 0x1c, 0x17, 0xff, 0x1d, 0x1b, 0x16, 0xff,
	0x1d, 0x1b, 0x15, 0xff, 0x1d, 0x1c, 0x15, 0xff, 0x1d, 0x1c, 0x16, 0xff, 0x1d, 0x1d, 0x15, 0xff, 0x1c,
	0x1c, 0x15, 0xff, 0x1c, 0x1c, 0x15, 0xff, 0x1c, 0x1c, 0x14, 0xff, 0x1c, 0x1c, 0x14, 0xff, 0x1c, 0x1c,
	0x15, 0xff, 0x1c, 0x1d, 0x15, 0xff, 0x1c, 0x1e, 0x16, 0xff, 0x1c, 0x1e, 0x16, 0xff, 0x1c, 0x1e, 0x16,
	0xff, 0x1c, 0x1e, 0x15, 0xff, 0x1c, 0x1d, 0x15, 0xff, 0x1c, 0x1d, 0x15, 0xff, 0x1c, 0x1e, 0x15, 0xff,
	0x1c, 0x1e, 0x15, 0xff, 0x1c, 0x1e, 0x15, 0xff, 0x1c, 0x1e, 0x15, 0xff, 0x1b, 0x1d, 0x14, 0xff, 0x1b,
	0x1d, 0x14, 0xff, 0x1b, 0x1c, 0x14, 0xff, 0x1b, 0x1c, 0x14, 0xff, 0x1b, 0x1c, 0x14, 0xff, 0x1b, 0x1b,
	0x15, 0xff, 0x1b, 0x1b, 0x16, 0xff, 0x1b, 0x1b, 0x16, 0xff, 0x1c, 0x1b, 0x16, 0xff, 0x1c, 0x1c, 0x17,
	0xff, 0x1c, 0x1c, 0x17, 0xff, 0x1c, 0x1b, 0x17, 0xff, 0x1c, 0x1b, 0x17, 0xff, 0x1c, 0x1b, 0x17, 0xff,
	0x1d, 0x1b, 0x16, 0xff, 0x1d, 0x1c, 0x17, 0xff, 0x1d, 0x1c, 0x18, 0xff, 0x1e, 0x1d, 0x19, 0xff, 0x1f,
	0x1e, 0x1c, 0xff, 0x21, 0x1f, 0x1e, 0xff, 0x22, 0x20, 0x1e, 0xff, 0x26, 0x27, 0x24, 0xfb, 0x38, 0x3c,
	0x34, 0x9d, 0x72, 0x79, 0x66, 0x12, 0x00, 0x00, 0x00, 0x00, 0x00, 0x00, 0x00, 0x00, 0x00, 0x00, 0x00,
	0x00, 0x00, 0x00, 0x00, 0x00, 0x00, 0x00, 0x00, 0x00, 0x00, 0x00, 0x00, 0x00, 0x00, 0x00, 0x00, 0x00,
	0x57, 0x64, 0x4e, 0x2c, 0x31, 0x35, 0x2c, 0xde, 0x26, 0x23, 0x21, 0xff, 0x26, 0x22, 0x20, 0xff, 0x25,
	0x32, 0x1e, 0xff, 0x1c, 0x2d, 0x16, 0xff, 0x14, 0x22, 0x0e, 0xff, 0x10, 0x1f, 0x0a, 0xff, 0x11, 0x1f,
	0x0c, 0xff, 0x13, 0x23, 0x0e, 0xff, 0x15, 0x26, 0x0f, 0xff, 0x17, 0x28, 0x10, 0xff, 0x18, 0x2a, 0x11,
	0xff, 0x19, 0x2c, 0x11, 0xff, 0x1b, 0x2f, 0x14, 0xff, 0x1d, 0x31, 0x14, 0xff, 0x1e, 0x33, 0x16, 0xff,
	0x20, 0x37, 0x17, 0xff, 0x23, 0x3a, 0x1a, 0xff, 0x26, 0x3c, 0x1d, 0xff, 0x28, 0x3e, 0x1f, 0xff, 0x2a,
	0x40, 0x21, 0xff, 0x2b, 0x42, 0x22, 0xff, 0x2d, 0x44, 0x24, 0xff, 0x2f, 0x46, 0x25, 0xff, 0x31, 0x47,
	0x29, 0xff, 0x33, 0x47, 0x2c, 0xff, 0x34, 0x48, 0x2d, 0xff, 0x34, 0x48, 0x2c, 0xff, 0x33, 0x48, 0x2a,
	0xff, 0x32, 0x48, 0x28, 0xff, 0x31, 0x48, 0x28, 0xff, 0x2f, 0x46, 0x26, 0xff, 0x2e, 0x46, 0x24, 0xff,
	0x2d, 0x45, 0x22, 0xff, 0x2d, 0x43, 0x23, 0xff, 0x2c, 0x42, 0x24, 0xff, 0x2b, 0x40, 0x22, 0xff, 0x29,
	0x3d, 0x20, 0xff, 0x26, 0x3b, 0x1d, 0xff, 0x24, 0x39, 0x1c, 0xff, 0x22, 0x37, 0x19, 0xff, 0x1f, 0x34,
	0x17, 0xff, 0x1c, 0x30, 0x14, 0xff, 0x1a, 0x2d, 0x12, 0xff, 0x18, 0x2a, 0x10, 0xff, 0x16, 0x27, 0x0f,
	0xff, 0x15, 0x25, 0x0f, 0xff, 0x13, 0x23, 0x0e, 0xff, 0x11, 0x22, 0x0c, 0xff, 0x10, 0x23, 0x0a, 0xff,
	0x16, 0x28, 0x11, 0xff, 0x1f, 0x34, 0x1b, 0xff, 0x27, 0x35, 0x23, 0xff, 0x21, 0x1f, 0x1e, 0xff, 0x1f,
	0x1e, 0x1c, 0xff, 0x2b, 0x2c, 0x27, 0xe4, 0x51, 0x58, 0x4b, 0x37, 0x00, 0x00, 0x00, 0x00, 0x00, 0x00,
	0x00, 0x00, 0x00, 0x00, 0x00, 0x00, 0x00, 0x00, 0x00, 0x00, 0x00, 0x00, 0x00, 0x00, 0x57, 0x64, 0x50,
	0x2b, 0x2b, 0x2c, 0x25, 0xec, 0x25, 0x21, 0x20, 0xff, 0x27, 0x2c, 0x1f, 0xff, 0x1e, 0x36, 0x18, 0xff,
	0x0b, 0x15, 0x09, 0xff, 0x0e, 0x0d, 0x0a, 0xff, 0x13, 0x10, 0x0d, 0xff, 0x14, 0x11, 0x0d, 0xff, 0x14,
	0x10, 0x0e, 0xff, 0x13, 0x10, 0x0e, 0xff, 0x14, 0x10, 0x0e, 0xff, 0x14, 0x10, 0x0e, 0xff, 0x14, 0x11,
	0x0e, 0xff, 0x14, 0x10, 0x0e, 0xff, 0x14, 0x10, 0x0e, 0xff, 0x14, 0x10, 0x0e, 0xff, 0x14, 0x11, 0x0e,
	0xff, 0x14, 0x11, 0x0e, 0xff, 0x14, 0x10, 0x0e, 0xff, 0x14, 0x10, 0x0e, 0xff, 0x14, 0x11, 0x0d, 0xff,
	0x14, 0x11, 0x0e, 0xff, 0x14, 0x12, 0x0f, 0xff, 0x14, 0x12, 0x0e, 0xff, 0x14, 0x12, 0x0e, 0xff, 0x14,
	0x12, 0x0e, 0xff, 0x14, 0x12, 0x0e, 0xff, 0x14, 0x12, 0x0e, 0xff, 0x14, 0x11, 0x0e, 0xff, 0x14, 0x11,
	0x0e, 0xff, 0x14, 0x11, 0x0e, 0xff, 0x14, 0x11, 0x0e, 0xff, 0x14, 0x11, 0x0e, 0xff, 0x14, 0x11, 0x0e,
	0xff, 0x14, 0x11, 0x0e, 0xff, 0x14, 0x11, 0x0e, 0xff, 0x14, 0x11, 0x0e, 0xff, 0x14, 0x11, 0x0e, 0xff,
	0x14, 0x11, 0x0e, 0xff, 0x14, 0x11, 0x0e, 0xff, 0x14, 0x10, 0x0e, 0xff, 0x14, 0x10, 0x0e, 0xff, 0x14,
	0x11, 0x0e, 0xff, 0x14, 0x11, 0x0e, 0xff, 0x14, 0x11, 0x0e, 0xff, 0x14, 0x11, 0x0e, 0xff, 0x14, 0x11,
	0x0e, 0xff, 0x14, 0x11, 0x0e, 0xff, 0x14, 0x11, 0x0f, 0xff, 0x15, 0x12, 0x0f, 0xff, 0x15, 0x12, 0x0f,
	0xff, 0x12, 0x0f, 0x0d, 0xff, 0x0d, 0x0b, 0x09, 0xff, 0x0a, 0x12, 0x09, 0xff, 0x1d, 0x35, 0x1a, 0xff,
	0x22, 0x28, 0x1f, 0xff, 0x20, 0x1e, 0x1e, 0xff, 0x29, 0x2a, 0x26, 0xf1, 0x5c, 0x65, 0x58, 0x32, 0x00,
	0x00, 0x00, 0x00, 0x00, 0x00, 0x00, 0x00, 0x00, 0x00, 0x00, 0x00, 0x77, 0x8a, 0x71, 0x0e, 0x2f, 0x33,
	0x2b, 0xdd, 0x24, 0x20, 0x1f, 0xff, 0x24, 0x2d, 0x1e, 0xff, 0x11, 0x23, 0x0c, 0xff, 0x0b, 0x0a, 0x08,
	0xff, 0x16, 0x12, 0x0f, 0xff, 0x15, 0x12, 0x0f, 0xff, 0x1c, 0x19, 0x16, 0xff, 0x14, 0x10, 0x0e, 0xff,
	0x13, 0x10, 0x0d, 0xff, 0x13, 0x10, 0x0d, 0xff, 0x13, 0x10, 0x0d, 0xff, 0x13, 0x10, 0x0d, 0xff, 0x13,
	0x10, 0x0d, 0xff, 0x13, 0x10, 0x0d, 0xff, 0x13, 0x10, 0x0d, 0xff, 0x13, 0x10, 0x0d, 0xff, 0x14, 0x10,
	0x0e, 0xff, 0x14, 0x10, 0x0d, 0xff, 0x14, 0x10, 0x0d, 0xff, 0x14, 0x10, 0x0d, 0xff, 0x13, 0x10, 0x0d,
	0xff, 0x14, 0x11, 0x0d, 0xff, 0x14, 0x11, 0x0f, 0xff, 0x13, 0x11, 0x0d, 0xff, 0x13, 0x12, 0x0d, 0xff,
	0x13, 0x12, 0x0c, 0xff, 0x13, 0x12, 0x0c, 0xff, 0x13, 0x12, 0x0c, 0xff, 0x13, 0x11, 0x0d, 0xff, 0x13,
	0x11, 0x0d, 0xff, 0x13, 0x11, 0x0d, 0xff, 0x13, 0x10, 0x0d, 0xff, 0x15, 0x12, 0x10, 0xff, 0x14, 0x11,
	0x0e, 0xff, 0x14, 0x11, 0x0d, 0xff, 0x13, 0x10, 0x0d, 0xff, 0x13, 0x10, 0x0d, 0xff, 0x13, 0x10, 0x0d,
	0xff, 0x13, 0x10, 0x0d, 0xff, 0x13, 0x10, 0x0d, 0xff, 0x13, 0x10, 0x0d, 0xff, 0x13, 0x10, 0x0d, 0xff,
	0x13, 0x10, 0x0d, 0xff, 0x13, 0x10, 0x0d, 0xff, 0x14, 0x11, 0x0f, 0xff, 0x16, 0x12, 0x11, 0xff, 0x14,
	0x10, 0x0d, 0xff, 0x14, 0x10, 0x0d, 0xff, 0x14, 0x10, 0x0d, 0xff, 0x13, 0x10, 0x0d, 0xff, 0x13, 0x10,
	0x0d, 0xff, 0x13, 0x10, 0x0d, 0xff, 0x13, 0x10, 0x0e, 0xff, 0x13, 0x10, 0x0e, 0xff, 0x0b, 0x0a, 0x09,
	0xff, 0x13, 0x25, 0x12, 0xff, 0x26, 0x2e, 0x22, 0xff, 0x23, 0x20, 0x20, 0xff, 0x2f, 0x32, 0x2c, 0xe1,
	0x78, 0x89, 0x78, 0x11, 0x00, 0x00, 0x00, 0x00, 0x00, 0x00, 0x00, 0x00, 0x3e, 0x46, 0x3a, 0x93, 0x24,
	0x22, 0x1f, 0xff, 0x26, 0x2a, 0x20, 0xff, 0x11, 0x24, 0x0e, 0xff, 0x0d, 0x0c, 0x09, 0xff, 0x13, 0x10,
	0x0d, 0xff, 0x13, 0x10, 0x0d, 0xff, 0x14, 0x11, 0x0e, 0xff, 0x14, 0x10, 0x0e, 0xff, 0x13, 0x10, 0x0d,
	0xff, 0x14, 0x10, 0x0d, 0xff, 0x13, 0x10, 0x0d, 0xff, 0x13, 0x10, 0x0d, 0xff, 0x13, 0x10, 0x0d, 0xff,
	0x13, 0x10, 0x0d, 0xff, 0x13, 0x10, 0x0d, 0xff, 0x14, 0x11, 0x0e, 0xff, 0x13, 0x10, 0x0d, 0xff, 0x1a,
	0x17, 0x14, 0xff, 0x14, 0x10, 0x0d, 0xff, 0x14, 0x10, 0x0d, 0xff, 0x14, 0x11, 0x0d, 0xff, 0x14, 0x11,
	0x0d, 0xff, 0x14, 0x12, 0x0d, 0xff, 0x14, 0x12, 0x0d, 0xff, 0x15, 0x13, 0x0f, 0xff, 0x14, 0x13, 0x0d,
	0xff, 0x14, 0x13, 0x0c, 0xff, 0x14, 0x13, 0x0c, 0xff, 0x14, 0x13, 0x0c, 0xff, 0x14, 0x12, 0x0c, 0xff,
	0x13, 0x12, 0x0c, 0xff, 0x13, 0x11, 0x0c, 0xff, 0x13, 0x10, 0x0d, 0xff, 0x13, 0x10, 0x0d, 0xff, 0x13,
	0x10, 0x0e, 0xff, 0x14, 0x10, 0x0d, 0xff, 0x13, 0x10, 0x0d, 0xff, 0x13, 0x10, 0x0d, 0xff, 0x13, 0x10,
	0x0d, 0xff, 0x13, 0x11, 0x0d, 0xff, 0x13, 0x11, 0x0d, 0xff, 0x14, 0x10, 0x0c, 0xff, 0x13, 0x10, 0x0d,
	0xff, 0x13, 0x10, 0x0d, 0xff, 0x13, 0x10, 0x0d, 0xff, 0x13, 0x10, 0x0d, 0xff, 0x13, 0x10, 0x0d, 0xff,
	0x14, 0x11, 0x0d, 0xff, 0x14, 0x10, 0x0d, 0xff, 0x14, 0x10, 0x0d, 0xff, 0x13, 0x10, 0x0d, 0xff, 0x13,
	0x10, 0x0d, 0xff, 0x13, 0x10, 0x0d, 0xff, 0x13, 0x10, 0x0d, 0xff, 0x13, 0x10, 0x0e, 0xff, 0x16, 0x12,
	0x10, 0xff, 0x0f, 0x0d, 0x0b, 0xff, 0x14, 0x26, 0x13, 0xff, 0x24, 0x29, 0x21, 0xff, 0x20, 0x1f, 0x1d,
	0xff, 0x3b, 0x44, 0x39, 0x96, 0x00, 0x00, 0x00, 0x00, 0x62, 0x79, 0x5a, 0x1a, 0x28, 0x29, 0x23, 0xf9,
	0x24, 0x21, 0x1e, 0xff, 0x1f, 0x35, 0x1a, 0xff, 0x0c, 0x0a, 0x09, 0xff, 0x14, 0x10, 0x0e, 0xff, 0x14,
	0x10, 0x0d, 0xff, 0x13, 0x10, 0x0d, 0xff, 0x13, 0x10, 0x0d, 0xff, 0x13, 0x10, 0x0d, 0xff, 0x13, 0x10,
	0x0d, 0xff, 0x13, 0x10, 0x0d, 0xff, 0x13, 0x10, 0x0d, 0xff, 0x13, 0x10, 0x0d, 0xff, 0x13, 0x10, 0x0d,
	0xff, 0x13, 0x10, 0x0d, 0xff, 0x13, 0x10, 0x0d, 0xff, 0x13, 0x10, 0x0d, 0xff, 0x13, 0x10, 0x0d, 0xff,
	0x18, 0x15, 0x14, 0xff, 0x13, 0x10, 0x0d, 0xff, 0x14, 0x10, 0x0e, 0xff, 0x14, 0x11, 0x0e, 0xff, 0x14,
	0x12, 0x0d, 0xff, 0x14, 0x12, 0x0d, 0xff, 0x14, 0x13, 0x0d, 0xff, 0x15, 0x15, 0x10, 0xff, 0x13, 0x15,
	0x0d, 0xff, 0x14, 0x16, 0x0d, 0xff, 0x14, 0x16, 0x0d, 0xff, 0x14, 0x15, 0x0d, 0xff, 0x14, 0x14, 0x0b,
	0xff, 0x13, 0x13, 0x0c, 0xff, 0x14, 0x12, 0x0c, 0xff, 0x13, 0x11, 0x0c, 0xff, 0x13, 0x11, 0x0d, 0xff,
	0x13, 0x10, 0x0d, 0xff, 0x13, 0x10, 0x0e, 0xff, 0x14, 0x11, 0x10, 0xff, 0x13, 0x10, 0x0e, 0xff, 0x13,
	0x10, 0x0d, 0xff, 0x13, 0x10, 0x0d, 0xff, 0x13, 0x10, 0x0d, 0xff, 0x13, 0x10, 0x0d, 0xff, 0x13, 0x10,
	0x0d, 0xff, 0x15, 0x12, 0x11, 0xff, 0x13, 0x10, 0x0e, 0xff, 0x13, 0x10, 0x0d, 0xff, 0x14, 0x10, 0x0d,
	0xff, 0x14, 0x11, 0x0d, 0xff, 0x14, 0x10, 0x0d, 0xff, 0x13, 0x10, 0x0d, 0xff, 0x1b, 0x18, 0x17, 0xff,
	0x13, 0x0f, 0x0d, 0xff, 0x13, 0x0f, 0x0d, 0xff, 0x13, 0x10, 0x0e, 0xff, 0x14, 0x10, 0x0e, 0xff, 0x14,
	0x10, 0x0f, 0xff, 0x14, 0x11, 0x0f, 0xff, 0x0b, 0x0a, 0x08, 0xff, 0x1d, 0x33, 0x1b, 0xff, 0x20, 0x1e,
	0x1d, 0xff, 0x26, 0x28, 0x23, 0xf9, 0x66, 0x7d, 0x66, 0x1a, 0x3c, 0x43, 0x34, 0x73, 0x1e, 0x1d, 0x18,
	0xff, 0x25, 0x2d, 0x1d, 0xff, 0x0b, 0x14, 0x09, 0xff, 0x15, 0x12, 0x0f, 0xff, 0x14, 0x11, 0x0e, 0xff,
	0x14, 0x11, 0x0d, 0xff, 0x13, 0x10, 0x0d, 0xff, 0x13, 0x10, 0x0d, 0xff, 0x13, 0x10, 0x0d, 0xff, 0x13,
	0x10, 0x0d, 0xff, 0x13, 0x10, 0x0d, 0xff, 0x13, 0x10, 0x0d, 0xff, 0x13, 0x10, 0x0d, 0xff, 0x13, 0x10,
	0x0d, 0xff, 0x13, 0x10, 0x0d, 0xff, 0x13, 0x10, 0x0d, 0xff, 0x13, 0x10, 0x0d, 0xff, 0x13, 0x10, 0x0d,
	0xff, 0x13, 0x10, 0x0d, 0xff, 0x13, 0x10, 0x0d, 0xff, 0x15, 0x11, 0x10, 0xff, 0x14, 0x11, 0x0e, 0xff,
	0x14, 0x12, 0x0d, 0xff, 0x14, 0x13, 0x0d, 0xff, 0x14, 0x14, 0x0c, 0xff, 0x14, 0x17, 0x0d, 0xff, 0x14,
	0x19, 0x0d, 0xff, 0x15, 0x1c, 0x0f, 0xff, 0x13, 0x1a, 0x0e, 0xff, 0x13, 0x19, 0x0d, 0xff, 0x13, 0x17,
	0x0c, 0xff, 0x14, 0x15, 0x0d, 0xff, 0x13, 0x14, 0x0c, 0xff, 0x14, 0x12, 0x0c, 0xff, 0x13, 0x11, 0x0c,
	0xff, 0x13, 0x11, 0x0d, 0xff, 0x13, 0x10, 0x0d, 0xff, 0x13, 0x10, 0x0d, 0xff, 0x13, 0x10, 0x0d, 0xff,
	0x13, 0x10, 0x0d, 0xff, 0x14, 0x10, 0x0d, 0xff, 0x13, 0x10, 0x0d, 0xff, 0x13, 0x10, 0x0d, 0xff, 0x13,
	0x10, 0x0d, 0xff, 0x13, 0x10, 0x0e, 0xff, 0x13, 0x10, 0x0d, 0xff, 0x13, 0x10, 0x0e, 0xff, 0x13, 0x10,
	0x0d, 0xff, 0x13, 0x10, 0x0d, 0xff, 0x13, 0x10, 0x0d, 0xff, 0x13, 0x10, 0x0d, 0xff, 0x13, 0x10, 0x0d,
	0xff, 0x13, 0x0f, 0x0d, 0xff, 0x1d, 0x1a, 0x18, 0xff, 0x13, 0x10, 0x0e, 0xff, 0x14, 0x10, 0x0e, 0xff,
	0x14, 0x10, 0x0e, 0xff, 0x14, 0x10, 0x0e, 0xff, 0x14, 0x10, 0x0e, 0xff, 0x0a, 0x11, 0x0a, 0xff, 0x23,
	0x2b, 0x1e, 0xff, 0x1f, 0x1d, 0x1a, 0xff, 0x40, 0x4b, 0x3c, 0x6e, 0x2f, 0x33, 0x27, 0xb9, 0x1e, 0x1c,
	0x18, 0xff, 0x1f, 0x2c, 0x16, 0xff, 0x0c, 0x0a, 0x08, 0xff, 0x14, 0x11, 0x0e, 0xff, 0x14, 0x11, 0x0e,
	0xff, 0x14, 0x11, 0x0e, 0xff, 0x15, 0x12, 0x10, 0xff, 0x14, 0x10, 0x0e, 0xff, 0x19, 0x16, 0x14, 0xff,
	0x15, 0x12, 0x0f, 0xff, 0x13, 0x10, 0x0d, 0xff, 0x13, 0x10, 0x0d, 0xff, 0x13, 0x10, 0x0d, 0xff, 0x13,
	0x10, 0x0d, 0xff, 0x13, 0x10, 0x0e, 0xff, 0x1a, 0x16, 0x15, 0xff, 0x14, 0x10, 0x0e, 0xff, 0x14, 0x10,
	0x0d, 0xff, 0x14, 0x10, 0x0d, 0xff, 0x14, 0x10, 0x0d, 0xff, 0x14, 0x11, 0x0e, 0xff, 0x14, 0x11, 0x0d,
	0xff, 0x15, 0x13, 0x0e, 0xff, 0x14, 0x15, 0x0d, 0xff, 0x20, 0x23, 0x1b, 0xff, 0x13, 0x1a, 0x0e, 0xff,
	0x15, 0x1f, 0x0f, 0xff, 0x16, 0x32, 0x11, 0xff, 0x15, 0x25, 0x12, 0xff, 0x14, 0x20, 0x0f, 0xff, 0x13,
	0x1b, 0x0e, 0xff, 0x18, 0x1c, 0x13, 0xff, 0x13, 0x15, 0x0c, 0xff, 0x14, 0x13, 0x0c, 0xff, 0x14, 0x12,
	0x0c, 0xff, 0x14, 0x11, 0x0d, 0xff, 0x13, 0x11, 0x0d, 0xff, 0x13, 0x10, 0x0d, 0xff, 0x14, 0x10, 0x0d,
	0xff, 0x13, 0x10, 0x0d, 0xff, 0x14, 0x10, 0x0d, 0xff, 0x14, 0x10, 0x0e, 0xff, 0x13, 0x10, 0x0e, 0xff,
	0x18, 0x15, 0x13, 0xff, 0x14, 0x10, 0x0e, 0xff, 0x13, 0x10, 0x0d, 0xff, 0x13, 0x10, 0x0e, 0xff, 0x1e,
	0x1a, 0x19, 0xff, 0x13, 0x10, 0x0e, 0xff, 0x14, 0x10, 0x0d, 0xff, 0x14, 0x10, 0x0d, 0xff, 0x13, 0x10,
	0x0d, 0xff, 0x13, 0x10, 0x0d, 0xff, 0x13, 0x0f, 0x0d, 0xff, 0x14, 0x10, 0x0d, 0xff, 0x14, 0x10, 0x0d,
	0xff, 0x14, 0x10, 0x0d, 0xff, 0x14, 0x10, 0x0e, 0xff, 0x13, 0x10, 0x0e, 0xff, 0x0b, 0x09, 0x08, 0xff,
	0x1e, 0x2b, 0x1a, 0xff, 0x1f, 0x1d, 0x1b, 0xff, 0x34, 0x39, 0x2d, 0xb2, 0x2b, 0x2e, 0x24, 0xe5, 0x1e,
	0x1c, 0x17, 0xff, 0x15, 0x22, 0x0d, 0xff, 0x11, 0x0e, 0x0c, 0xff, 0x13, 0x10, 0x0e, 0xff, 0x14, 0x11,
	0x0e, 0xff, 0x14, 0x11, 0x0e, 0xff, 0x14, 0x11, 0x0e, 0xff, 0x15, 0x11, 0x0e, 0xff, 0x14, 0x11, 0x0f,
	0xff, 0x13, 0x10, 0x0e, 0xff, 0x13, 0x10, 0x0d, 0xff, 0x13, 0x10, 0x0d, 0xff, 0x13, 0x10, 0x0e, 0xff,
	0x13, 0x10, 0x0d, 0xff, 0x14, 0x10, 0x0e, 0xff, 0x16, 0x12, 0x11, 0xff, 0x13, 0x10, 0x0d, 0xff, 0x13,
	0x10, 0x0d, 0xff, 0x14, 0x10, 0x0d, 0xff, 0x14, 0x11, 0x0d, 0xff, 0x14, 0x12, 0x0d, 0xff, 0x14, 0x13,
	0x0d, 0xff, 0x14, 0x14, 0x0c, 0xff, 0x13, 0x17, 0x0c, 0xff, 0x13, 0x1c, 0x0e, 0xff, 0x14, 0x23, 0x0f,
	0xff, 0x17, 0x2f, 0x11, 0xff, 0x18, 0x63, 0x11, 0xff, 0x19, 0x42, 0x16, 0xff, 0x17, 0x2c, 0x11, 0xff,
	0x14, 0x24, 0x0e, 0xff, 0x13, 0x1e, 0x0e, 0xff, 0x13, 0x19, 0x0c, 0xff, 0x14, 0x16, 0x0c, 0xff, 0x14,
	0x14, 0x0c, 0xff, 0x13, 0x12, 0x0c, 0xff, 0x14, 0x11, 0x0e, 0xff, 0x14, 0x11, 0x0e, 0xff, 0x14, 0x11,
	0x0e, 0xff, 0x13, 0x10, 0x0d, 0xff, 0x13, 0x10, 0x0e, 0xff, 0x14, 0x10, 0x0e, 0xff, 0x14, 0x10, 0x0e,
	0xff, 0x14, 0x10, 0x0e, 0xff, 0x14, 0x10, 0x0d, 0xff, 0x14, 0x10, 0x0d, 0xff, 0x13, 0x10, 0x0d, 0xff,
	0x13, 0x0f, 0x0e, 0xff, 0x13, 0x10, 0x0e, 0xff, 0x14, 0x11, 0x0d, 0xff, 0x14, 0x11, 0x0d, 0xff, 0x14,
	0x11, 0x0d, 0xff, 0x14, 0x10, 0x0d, 0xff, 0x13, 0x10, 0x0d, 0xff, 0x14, 0x10, 0x0d, 0xff, 0x14, 0x10,
	0x0d, 0xff, 0x13, 0x10, 0x0d, 0xff, 0x14, 0x10, 0x0e, 0xff, 0x13, 0x10, 0x0e, 0xff, 0x11, 0x0e, 0x0c,
	0xff, 0x14, 0x21, 0x11, 0xff, 0x1f, 0x1c, 0x1b, 0xff, 0x2d, 0x32, 0x26, 0xde, 0x29, 0x2b, 0x24, 0xf8,
	0x1e, 0x1c, 0x17, 0xff, 0x0f, 0x1b, 0x0a, 0xff, 0x14, 0x11, 0x0e, 0xff, 0x14, 0x10, 0x0d, 0xff, 0x14,
	0x10, 0x0e, 0xff, 0x20, 0x1c, 0x1a, 0xff, 0x15, 0x11, 0x0e, 0xff, 0x15, 0x11, 0x0e, 0xff, 0x15, 0x12,
	0x10, 0xff, 0x15, 0x11, 0x0e, 0xff, 0x14, 0x11, 0x0d, 0xff, 0x14, 0x11, 0x0e, 0xff, 0x14, 0x11, 0x0e,
	0xff, 0x15, 0x11, 0x0f, 0xff, 0x14, 0x10, 0x0e, 0xff, 0x14, 0x10, 0x0d, 0xff, 0x14, 0x11, 0x0d, 0xff,
	0x14, 0x11, 0x0d, 0xff, 0x14, 0x11, 0x0d, 0xff, 0x14, 0x11, 0x0d, 0xff, 0x14, 0x12, 0x0d, 0xff, 0x15,
	0x13, 0x0c, 0xff, 0x14, 0x16, 0x0c, 0xff, 0x14, 0x1a, 0x0d, 0xff, 0x15, 0x22, 0x0f, 0xff, 0x17, 0x2e,
	0x10, 0xff, 0x1b, 0x4c, 0x14, 0xff, 0x21, 0xb2, 0x15, 0xff, 0x1e, 0x8d, 0x19, 0xff, 0x1b, 0x48, 0x15,
	0xff, 0x18, 0x31, 0x10, 0xff, 0x15, 0x27, 0x0e, 0xff, 0x14, 0x1f, 0x0d, 0xff, 0x14, 0x1a, 0x0d, 0xff,
	0x14, 0x16, 0x0c, 0xff, 0x16, 0x16, 0x0f, 0xff, 0x14, 0x12, 0x0e, 0xff, 0x14, 0x12, 0x0d, 0xff, 0x14,
	0x11, 0x0e, 0xff, 0x13, 0x10, 0x0e, 0xff, 0x1e, 0x1b, 0x19, 0xff, 0x14, 0x10, 0x0e, 0xff, 0x14, 0x10,
	0x0d, 0xff, 0x14, 0x10, 0x0d, 0xff, 0x14, 0x10, 0x0e, 0xff, 0x14, 0x10, 0x0d, 0xff, 0x14, 0x10, 0x0e,
	0xff, 0x14, 0x10, 0x0e, 0xff, 0x17, 0x13, 0x12, 0xff, 0x14, 0x11, 0x0d, 0xff, 0x14, 0x11, 0x0d, 0xff,
	0x14, 0x11, 0x0d, 0xff, 0x14, 0x11, 0x0d, 0xff, 0x14, 0x10, 0x0d, 0xff, 0x14, 0x11, 0x0d, 0xff, 0x14,
	0x11, 0x0d, 0xff, 0x14, 0x11, 0x0d, 0xff, 0x14, 0x10, 0x0d, 0xff, 0x15, 0x11, 0x0f, 0xff, 0x14, 0x10,
	0x0d, 0xff, 0x0e, 0x1b, 0x0c, 0xff, 0x1e, 0x1c, 0x19, 0xff, 0x2b, 0x2f, 0x24, 0xf0, 0x2a, 0x2d, 0x25,
	0xfb, 0x1e, 0x1c, 0x16, 0xff, 0x0d, 0x1a, 0x09, 0xff, 0x16, 0x12, 0x0f, 0xff, 0x15, 0x11, 0x0e, 0xff,
	0x15, 0x11, 0x0e, 0xff, 0x15, 0x11, 0x0e, 0xff, 0x15, 0x11, 0x0d, 0xff, 0x15, 0x11, 0x0e, 0xff, 0x15,
	0x12, 0x0e, 0xff, 0x15, 0x12, 0x0e, 0xff, 0x15, 0x12, 0x0e, 0xff, 0x15, 0x11, 0x0e, 0xff, 0x16, 0x12,
	0x10, 0xff, 0x14, 0x11, 0x0f, 0xff, 0x15, 0x11, 0x0e, 0xff, 0x15, 0x11, 0x0e, 0xff, 0x15, 0x11, 0x0d,
	0xff, 0x14, 0x11, 0x0e, 0xff, 0x14, 0x11, 0x0e, 0xff, 0x15, 0x12, 0x0f, 0xff, 0x15, 0x12, 0x0d, 0xff,
	0x15, 0x14, 0x0c, 0xff, 0x15, 0x17, 0x0c, 0xff, 0x15, 0x1e, 0x0e, 0xff, 0x16, 0x29, 0x0f, 0xff, 0x19,
	0x3f, 0x12, 0xff, 0x1c, 0x8a, 0x10, 0xff, 0x60, 0xf5, 0x64, 0xff, 0x4a, 0xf4, 0x4e, 0xff, 0x23, 0x97,
	0x27, 0xff, 0x1b, 0x45, 0x14, 0xff, 0x18, 0x34, 0x10, 0xff, 0x16, 0x28, 0x0e, 0xff, 0x15, 0x20, 0x0e,
	0xff, 0x13, 0x1a, 0x0d, 0xff, 0x14, 0x17, 0x0d, 0xff, 0x15, 0x14, 0x0f, 0xff, 0x16, 0x14, 0x10, 0xff,
	0x15, 0x13, 0x10, 0xff, 0x14, 0x11, 0x0f, 0xff, 0x14, 0x11, 0x0e, 0xff, 0x14, 0x11, 0x0d, 0xff, 0x14,
	0x11, 0x0d, 0xff, 0x14, 0x11, 0x0d, 0xff, 0x14, 0x11, 0x0d, 0xff, 0x14, 0x11, 0x0e, 0xff, 0x14, 0x11,
	0x0e, 0xff, 0x15, 0x11, 0x0e, 0xff, 0x15, 0x11, 0x0e, 0xff, 0x15, 0x11, 0x0e, 0xff, 0x15, 0x11, 0x0e,
	0xff, 0x1b, 0x17, 0x15, 0xff, 0x14, 0x11, 0x0d, 0xff, 0x14, 0x11, 0x0d, 0xff, 0x14, 0x11, 0x0d, 0xff,
	0x14, 0x11, 0x0d, 0xff, 0x15, 0x11, 0x0e, 0xff, 0x15, 0x11, 0x0e, 0xff, 0x15, 0x11, 0x0e, 0xff, 0x15,
	0x12, 0x0e, 0xff, 0x0e, 0x1a, 0x0b, 0xff, 0x1e, 0x1c, 0x18, 0xff, 0x2a, 0x2f, 0x22, 0xf4, 0x2a, 0x2d,
	0x25, 0xfb, 0x1e, 0x1d, 0x15, 0xff, 0x0d, 0x1b, 0x09, 0xff, 0x16, 0x12, 0x0f, 0xff, 0x15, 0x11, 0x0e,
	0xff, 0x15, 0x11, 0x0e, 0xff, 0x15, 0x11, 0x0e, 0xff, 0x15, 0x11, 0x0e, 0xff, 0x15, 0x11, 0x0e, 0xff,
	0x15, 0x11, 0x0d, 0xff, 0x15, 0x12, 0x0d, 0xff, 0x15, 0x11, 0x0d, 0xff, 0x14, 0x11, 0x0e, 0xff, 0x15,
	0x12, 0x0e, 0xff, 0x15, 0x12, 0x0e, 0xff, 0x15, 0x12, 0x0e, 0xff, 0x15, 0x12, 0x0e, 0xff, 0x14, 0x11,
	0x0f, 0xff, 0x16, 0x13, 0x11, 0xff, 0x15, 0x12, 0x10, 0xff, 0x15, 0x12, 0x10, 0xff, 0x15, 0x13, 0x0d,
	0xff, 0x16, 0x15, 0x0d, 0xff, 0x15, 0x19, 0x0d, 0xff, 0x16, 0x22, 0x0e, 0xff, 0x18, 0x2d, 0x10, 0xff,
	0x1c, 0x4e, 0x13, 0xff, 0x23, 0xbf, 0x17, 0xff, 0xb4, 0xfd, 0xb8, 0xff, 0xe7, 0xfe, 0xe6, 0xff, 0x44,
	0xe9, 0x4d, 0xff, 0x21, 0x85, 0x19, 0xff, 0x1c, 0x4c, 0x12, 0xff, 0x19, 0x35, 0x10, 0xff, 0x16, 0x29,
	0x0f, 0xff, 0x14, 0x1f, 0x0e, 0xff, 0x14, 0x1a, 0x0d, 0xff, 0x14, 0x16, 0x0e, 0xff, 0x15, 0x14, 0x0f,
	0xff, 0x15, 0x12, 0x0d, 0xff, 0x15, 0x12, 0x0e, 0xff, 0x15, 0x12, 0x0d, 0xff, 0x14, 0x11, 0x0d, 0xff,
	0x14, 0x11, 0x0d, 0xff, 0x14, 0x11, 0x0d, 0xff, 0x14, 0x11, 0x0e, 0xff, 0x17, 0x14, 0x11, 0xff, 0x15,
	0x11, 0x0e, 0xff, 0x15, 0x12, 0x0e, 0xff, 0x15, 0x12, 0x0e, 0xff, 0x15, 0x12, 0x0e, 0xff, 0x15, 0x12,
	0x0e, 0xff, 0x1b, 0x17, 0x15, 0xff, 0x15, 0x12, 0x0e, 0xff, 0x15, 0x11, 0x0d, 0xff, 0x15, 0x12, 0x0d,
	0xff, 0x15, 0x12, 0x0d, 0xff, 0x15, 0x12, 0x0e, 0xff, 0x15, 0x12, 0x0e, 0xff, 0x15, 0x12, 0x0e, 0xff,
	0x16, 0x12, 0x0e, 0xff, 0x0d, 0x1b, 0x0b, 0xff, 0x1e, 0x1c, 0x17, 0xff, 0x2a, 0x2f, 0x22, 0xf4, 0x2b,
	0x2f, 0x26, 0xfb, 0x1e, 0x1d, 0x15, 0xff, 0x0d, 0x1c, 0x09, 0xff, 0x16, 0x13, 0x0f, 0xff, 0x15, 0x11,
	0x0e, 0xff, 0x15, 0x11, 0x0e, 0xff, 0x15, 0x11, 0x0e, 0xff, 0x15, 0x11, 0x0e, 0xff, 0x15, 0x12, 0x0e,
	0xff, 0x14, 0x11, 0x0f, 0xff, 0x18, 0x15, 0x13, 0xff, 0x14, 0x11, 0x0e, 0xff, 0x1b, 0x18, 0x16, 0xff,
	0x15, 0x12, 0x0e, 0xff, 0x15, 0x12, 0x0e, 0xff, 0x15, 0x12, 0x0e, 0xff, 0x15, 0x12, 0x0e, 0xff, 0x15,
	0x11, 0x0e, 0xff, 0x15, 0x11, 0x0e, 0xff, 0x15, 0x11, 0x0e, 0xff, 0x15, 0x12, 0x0e, 0xff, 0x18, 0x15,
	0x12, 0xff, 0x16, 0x16, 0x0f, 0xff, 0x17, 0x1c, 0x11, 0xff, 0x16, 0x23, 0x0f, 0xff, 0x19, 0x2e, 0x11,
	0xff, 0x1e, 0x53, 0x14, 0xff, 0x27, 0xcf, 0x18, 0xff, 0xb6, 0xfd, 0xb9, 0xff, 0xc7, 0xfe, 0xcc, 0xff,
	0xd8, 0xfe, 0xd9, 0xff, 0x49, 0xe1, 0x4b, 0xff, 0x22, 0x91, 0x16, 0xff, 0x1c, 0x47, 0x12, 0xff, 0x18,
	0x32, 0x10, 0xff, 0x16, 0x25, 0x0e, 0xff, 0x15, 0x1d, 0x0e, 0xff, 0x15, 0x19, 0x0d, 0xff, 0x15, 0x16,
	0x0d, 0xff, 0x15, 0x13, 0x0d, 0xff, 0x15, 0x12, 0x0d, 0xff, 0x15, 0x12, 0x0d, 0xff, 0x14, 0x11, 0x0d,
	0xff, 0x15, 0x11, 0x0d, 0xff, 0x15, 0x12, 0x0d, 0xff, 0x14, 0x11, 0x0e, 0xff, 0x14, 0x11, 0x0e, 0xff,
	0x15, 0x12, 0x0e, 0xff, 0x15, 0x12, 0x0e, 0xff, 0x15, 0x12, 0x0e, 0xff, 0x15, 0x12, 0x0e, 0xff, 0x15,
	0x12, 0x0e, 0xff, 0x15, 0x12, 0x0f, 0xff, 0x14, 0x11, 0x0f, 0xff, 0x16, 0x13, 0x10, 0xff, 0x15, 0x11,
	0x0e, 0xff, 0x15, 0x11, 0x0e, 0xff, 0x22, 0x1e, 0x1c, 0xff, 0x15, 0x11, 0x0e, 0xff, 0x15, 0x12, 0x0e,
	0xff, 0x16, 0x12, 0x0e, 0xff, 0x0d, 0x1c, 0x0a, 0xff, 0x1f, 0x1c, 0x17, 0xff, 0x2b, 0x30, 0x22, 0xf4,
	0x2c, 0x31, 0x27, 0xfb, 0x1f, 0x1e, 0x16, 0xff, 0x0d, 0x1e, 0x0a, 0xff, 0x17, 0x13, 0x10, 0xff, 0x15,
	0x11, 0x0f, 0xff, 0x17, 0x14, 0x12, 0xff, 0x15, 0x12, 0x0f, 0xff, 0x15, 0x12, 0x0e, 0xff, 0x15, 0x12,
	0x0e, 0xff, 0x15, 0x12, 0x0f, 0xff, 0x15, 0x12, 0x0f, 0xff, 0x15, 0x12, 0x0e, 0xff, 0x15, 0x12, 0x0f,
	0xff, 0x17, 0x14, 0x12, 0xff, 0x15, 0x12, 0x0f, 0xff, 0x16, 0x12, 0x0f, 0xff, 0x15, 0x12, 0x0f, 0xff,
	0x15, 0x12, 0x0f, 0xff, 0x15, 0x12, 0x0e, 0xff, 0x16, 0x12, 0x0e, 0xff, 0x16, 0x12, 0x0f, 0xff, 0x16,
	0x13, 0x10, 0xff, 0x16, 0x16, 0x0e, 0xff, 0x16, 0x1b, 0x0e, 0xff, 0x17, 0x23, 0x0f, 0xff, 0x1a, 0x31,
	0x11, 0xff, 0x1e, 0x58, 0x14, 0xff, 0x2f, 0xd2, 0x28, 0xff, 0xb6, 0xfd, 0xb8, 0xff, 0xa7, 0xfd, 0xaf,
	0xff, 0x5e, 0xf8, 0x5a, 0xff, 0xca, 0xfd, 0xc7, 0xff, 0x49, 0xe4, 0x4b, 0xff, 0x1f, 0x80, 0x15, 0xff,
	0x1b, 0x46, 0x13, 0xff, 0x18, 0x2f, 0x12, 0xff, 0x1e, 0x2c, 0x18, 0xff, 0x16, 0x1e, 0x0f, 0xff, 0x15,
	0x18, 0x0d, 0xff, 0x15, 0x15, 0x0d, 0xff, 0x15, 0x13, 0x0e, 0xff, 0x15, 0x12, 0x0e, 0xff, 0x15, 0x12,
	0x0e, 0xff, 0x15, 0x12, 0x0e, 0xff, 0x15, 0x12, 0x0e, 0xff, 0x1b, 0x18, 0x17, 0xff, 0x15, 0x12, 0x0f,
	0xff, 0x15, 0x12, 0x0e, 0xff, 0x15, 0x12, 0x0f, 0xff, 0x19, 0x15, 0x14, 0xff, 0x15, 0x12, 0x0f, 0xff,
	0x15, 0x12, 0x0e, 0xff, 0x15, 0x12, 0x0e, 0xff, 0x15, 0x12, 0x0f, 0xff, 0x15, 0x11, 0x0f, 0xff, 0x15,
	0x12, 0x0e, 0xff, 0x15, 0x12, 0x0e, 0xff, 0x15, 0x12, 0x0f, 0xff, 0x15, 0x12, 0x0e, 0xff, 0x15, 0x12,
	0x0e, 0xff, 0x16, 0x13, 0x0f, 0xff, 0x0e, 0x1d, 0x0b, 0xff, 0x1f, 0x1d, 0x17, 0xff, 0x2c, 0x32, 0x23,
	0xf4, 0x2d, 0x31, 0x28, 0xfc, 0x20, 0x1e, 0x17, 0xff, 0x0e, 0x20, 0x0b, 0xff, 0x17, 0x14, 0x11, 0xff,
	0x1c, 0x19, 0x17, 0xff, 0x15, 0x12, 0x0f, 0xff, 0x16, 0x12, 0x0f, 0xff, 0x16, 0x12, 0x0f, 0xff, 0x16,
	0x12, 0x0e, 0xff, 0x15, 0x12, 0x0f, 0xff, 0x15, 0x12, 0x0f, 0xff, 0x15, 0x12, 0x0f, 0xff, 0x16, 0x12,
	0x0f, 0xff, 0x16, 0x12, 0x10, 0xff, 0x16, 0x12, 0x10, 0xff, 0x16, 0x12, 0x0f, 0xff, 0x1a, 0x16, 0x14,
	0xff, 0x16, 0x12, 0x10, 0xff, 0x16, 0x12, 0x0f, 0xff, 0x16, 0x13, 0x0f, 0xff, 0x16, 0x12, 0x0f, 0xff,
	0x16, 0x13, 0x0e, 0xff, 0x16, 0x16, 0x0e, 0xff, 0x16, 0x1b, 0x0e, 0xff, 0x18, 0x23, 0x10, 0xff, 0x1a,
	0x34, 0x12, 0xff, 0x1e, 0x5f, 0x12, 0xff, 0x30, 0xd7, 0x24, 0xff, 0xaf, 0xfc, 0xaf, 0xff, 0x99, 0xfb,
	0x9e, 0xff, 0x2b, 0xcd, 0x1e, 0xff, 0x30, 0xd9, 0x28, 0xff, 0xbe, 0xf9, 0xbe, 0xff, 0x50, 0xdf, 0x54,
	0xff, 0x1f, 0x82, 0x14, 0xff, 0x1b, 0x43, 0x13, 0xff, 0x19, 0x31, 0x11, 0xff, 0x16, 0x25, 0x10, 0xff,
	0x15, 0x1b, 0x0e, 0xff, 0x16, 0x16, 0x0f, 0xff, 0x16, 0x13, 0x0e, 0xff, 0x15, 0x12, 0x0f, 0xff, 0x15,
	0x12, 0x0e, 0xff, 0x15, 0x12, 0x0f, 0xff, 0x15, 0x12, 0x0f, 0xff, 0x15, 0x12, 0x10, 0xff, 0x15, 0x12,
	0x0f, 0xff, 0x15, 0x12, 0x0f, 0xff, 0x15, 0x12, 0x0e, 0xff, 0x15, 0x12, 0x0f, 0xff, 0x15, 0x12, 0x0e,
	0xff, 0x15, 0x12, 0x0e, 0xff, 0x16, 0x12, 0x0e, 0xff, 0x15, 0x12, 0x0f, 0xff, 0x15, 0x12, 0x0f, 0xff,
	0x15, 0x12, 0x0f, 0xff, 0x15, 0x12, 0x0f, 0xff, 0x15, 0x12, 0x0f, 0xff, 0x15, 0x12, 0x0f, 0xff, 0x15,
	0x12, 0x0f, 0xff, 0x16, 0x13, 0x0f, 0xff, 0x0e, 0x1e, 0x0a, 0xff, 0x1f, 0x1c, 0x17, 0xff, 0x2f, 0x33,
	0x26, 0xf4, 0x2e, 0x32, 0x29, 0xfb, 0x21, 0x1f, 0x18, 0xff, 0x0f, 0x23, 0x0c, 0xff, 0x18, 0x14, 0x13,
	0xff, 0x16, 0x12, 0x11, 0xff, 0x16, 0x13, 0x10, 0xff, 0x16, 0x13, 0x0f, 0xff, 0x16, 0x12, 0x0f, 0xff,
	0x16, 0x13, 0x0f, 0xff, 0x16, 0x13, 0x0f, 0xff, 0x16, 0x12, 0x0f, 0xff, 0x16, 0x12, 0x0f, 0xff, 0x16,
	0x12, 0x0f, 0xff, 0x16, 0x13, 0x10, 0xff, 0x16, 0x13, 0x10, 0xff, 0x16, 0x13, 0x10, 0xff, 0x17, 0x13,
	0x10, 0xff, 0x17, 0x13, 0x10, 0xff, 0x1e, 0x1a, 0x18, 0xff, 0x18, 0x13, 0x10, 0xff, 0x16, 0x13, 0x0f,
	0xff, 0x17, 0x15, 0x10, 0xff, 0x16, 0x16, 0x0e, 0xff, 0x16, 0x1b, 0x0e, 0xff, 0x18, 0x23, 0x11, 0xff,
	0x22, 0x3c, 0x1b, 0xff, 0x1e, 0x59, 0x13, 0xff, 0x29, 0xbd, 0x19, 0xff, 0xa7, 0xfb, 0xa9, 0xff, 0x7f,
	0xf6, 0x7f, 0xff, 0x23, 0x99, 0x18, 0xff, 0x24, 0x83, 0x19, 0xff, 0x2e, 0xc8, 0x27, 0xff, 0xbf, 0xfa,
	0xbd, 0xff, 0x60, 0xe5, 0x65, 0xff, 0x1f, 0x80, 0x15, 0xff, 0x1c, 0x40, 0x12, 0xff, 0x18, 0x2a, 0x10,
	0xff, 0x16, 0x1f, 0x0e, 0xff, 0x17, 0x19, 0x11, 0xff, 0x16, 0x14, 0x0e, 0xff, 0x16, 0x13, 0x0f, 0xff,
	0x16, 0x12, 0x0f, 0xff, 0x16, 0x12, 0x0f, 0xff, 0x16, 0x12, 0x10, 0xff, 0x15, 0x12, 0x0f, 0xff, 0x16,
	0x12, 0x0f, 0xff, 0x16, 0x12, 0x10, 0xff, 0x1c, 0x19, 0x16, 0xff, 0x15, 0x12, 0x0f, 0xff, 0x16, 0x12,
	0x0e, 0xff, 0x16, 0x12, 0x0e, 0xff, 0x16, 0x12, 0x0f, 0xff, 0x16, 0x12, 0x0f, 0xff, 0x15, 0x12, 0x0f,
	0xff, 0x19, 0x15, 0x13, 0xff, 0x16, 0x12, 0x0f, 0xff, 0x16, 0x12, 0x0f, 0xff, 0x16, 0x12, 0x0f, 0xff,
	0x15, 0x12, 0x0f, 0xff, 0x17, 0x13, 0x10, 0xff, 0x0e, 0x20, 0x0b, 0xff, 0x1f, 0x1d, 0x18, 0xff, 0x30,
	0x35, 0x27, 0xf3, 0x30, 0x34, 0x2b, 0xfc, 0x22, 0x1f, 0x1a, 0xff, 0x11, 0x26, 0x0d, 0xff, 0x19, 0x15,
	0x12, 0xff, 0x17, 0x13, 0x10, 0xff, 0x17, 0x13, 0x10, 0xff, 0x17, 0x13, 0x10, 0xff, 0x17, 0x13, 0x0f,
	0xff, 0x17, 0x13, 0x0f, 0xff, 0x16, 0x13, 0x10, 0xff, 0x1a, 0x16, 0x14, 0xff, 0x16, 0x13, 0x10, 0xff,
	0x17, 0x13, 0x10, 0xff, 0x17, 0x13, 0x10, 0xff, 0x18, 0x13, 0x10, 0xff, 0x17, 0x13, 0x11, 0xff, 0x1a,
	0x16, 0x14, 0xff, 0x18, 0x13, 0x10, 0xff, 0x17, 0x13, 0x10, 0xff, 0x18, 0x13, 0x0f, 0xff, 0x17, 0x13,
	0x0f, 0xff, 0x17, 0x15, 0x0f, 0xff, 0x18, 0x18, 0x0f, 0xff, 0x18, 0x1c, 0x0f, 0xff, 0x19, 0x24, 0x11,
	0xff, 0x1a, 0x31, 0x11, 0xff, 0x1d, 0x4c, 0x13, 0xff, 0x24, 0x9b, 0x13, 0xff, 0x9c, 0xf8, 0x9b, 0xff,
	0x79, 0xf7, 0x72, 0xff, 0x23, 0x81, 0x1b, 0xff, 0x21, 0x5d, 0x15, 0xff, 0x25, 0x76, 0x19, 0xff, 0x2b,
	0xc7, 0x1f, 0xff, 0xbb, 0xf9, 0xb9, 0xff, 0x4b, 0xd0, 0x46, 0xff, 0x1d, 0x55, 0x11, 0xff, 0x19, 0x2d,
	0x10, 0xff, 0x16, 0x21, 0x0e, 0xff, 0x16, 0x1a, 0x0e, 0xff, 0x16, 0x16, 0x0e, 0xff, 0x16, 0x14, 0x0f,
	0xff, 0x16, 0x13, 0x0f, 0xff, 0x16, 0x13, 0x10, 0xff, 0x16, 0x13, 0x10, 0xff, 0x16, 0x12, 0x10, 0xff,
	0x16, 0x13, 0x0f, 0xff, 0x16, 0x12, 0x10, 0xff, 0x16, 0x12, 0x10, 0xff, 0x16, 0x13, 0x0f, 0xff, 0x16,
	0x13, 0x0f, 0xff, 0x16, 0x12, 0x0f, 0xff, 0x16, 0x13, 0x0f, 0xff, 0x16, 0x13, 0x0f, 0xff, 0x16, 0x12,
	0x10, 0xff, 0x15, 0x12, 0x10, 0xff, 0x16, 0x13, 0x10, 0xff, 0x16, 0x13, 0x0f, 0xff, 0x1d, 0x19, 0x17,
	0xff, 0x16, 0x12, 0x10, 0xff, 0x17, 0x14, 0x10, 0xff, 0x0e, 0x23, 0x0b, 0xff, 0x20, 0x1e, 0x19, 0xff,
	0x31, 0x36, 0x29, 0xf4, 0x31, 0x35, 0x2b, 0xfa, 0x23, 0x20, 0x1a, 0xff, 0x11, 0x28, 0x0e, 0xff, 0x19,
	0x15, 0x12, 0xff, 0x18, 0x13, 0x10, 0xff, 0x18, 0x14, 0x10, 0xff, 0x18, 0x14, 0x11, 0xff, 0x18, 0x14,
	0x10, 0xff, 0x18, 0x14, 0x10, 0xff, 0x18, 0x14, 0x11, 0xff, 0x18, 0x14, 0x11, 0xff, 0x18, 0x14, 0x10,
	0xff, 0x19, 0x14, 0x10, 0xff, 0x19, 0x14, 0x10, 0xff, 0x19, 0x14, 0x11, 0xff, 0x18, 0x14, 0x12, 0xff,
	0x18, 0x13, 0x11, 0xff, 0x17, 0x13, 0x10, 0xff, 0x1a, 0x15, 0x13, 0xff, 0x18, 0x13, 0x0f, 0xff, 0x18,
	0x14, 0x10, 0xff, 0x19, 0x15, 0x10, 0xff, 0x19, 0x18, 0x0f, 0xff, 0x19, 0x1c, 0x10, 0xff, 0x18, 0x22,
	0x10, 0xff, 0x19, 0x2d, 0x0f, 0xff, 0x1d, 0x43, 0x12, 0xff, 0x21, 0x8b, 0x0f, 0xff, 0x9d, 0xf7, 0x9a,
	0xff, 0x84, 0xf5, 0x82, 0xff, 0x21, 0x78, 0x19, 0xff, 0x1f, 0x50, 0x14, 0xff, 0x21, 0x54, 0x18, 0xff,
	0x23, 0x8e, 0x13, 0xff, 0x73, 0xee, 0x6c, 0xff, 0x65, 0xe2, 0x5e, 0xff, 0x1d, 0x5f, 0x12, 0xff, 0x19,
	0x30, 0x10, 0xff, 0x16, 0x24, 0x0f, 0xff, 0x16, 0x1c, 0x0e, 0xff, 0x17, 0x17, 0x0e, 0xff, 0x18, 0x15,
	0x0f, 0xff, 0x17, 0x13, 0x0f, 0xff, 0x17, 0x13, 0x10, 0xff, 0x19, 0x16, 0x15, 0xff, 0x16, 0x13, 0x11,
	0xff, 0x17, 0x13, 0x0f, 0xff, 0x17, 0x13, 0x0f, 0xff, 0x17, 0x13, 0x10, 0xff, 0x17, 0x13, 0x10, 0xff,
	0x17, 0x13, 0x0f, 0xff, 0x17, 0x14, 0x12, 0xff, 0x17, 0x13, 0x10, 0xff, 0x16, 0x13, 0x10, 0xff, 0x16,
	0x13, 0x0f, 0xff, 0x17, 0x13, 0x10, 0xff, 0x17, 0x13, 0x10, 0xff, 0x17, 0x13, 0x10, 0xff, 0x19, 0x16,
	0x14, 0xff, 0x17, 0x13, 0x10, 0xff, 0x18, 0x14, 0x10, 0xff, 0x0f, 0x25, 0x0c, 0xff, 0x21, 0x1e, 0x19,
	0xff, 0x33, 0x37, 0x2b, 0xf6, 0x33, 0x37, 0x2d, 0xfb, 0x25, 0x22, 0x1c, 0xff, 0x13, 0x2a, 0x10, 0xff,
	0x1a, 0x15, 0x12, 0xff, 0x18, 0x14, 0x10, 0xff, 0x18, 0x14, 0x10, 0xff, 0x1a, 0x17, 0x15, 0xff, 0x19,
	0x15, 0x12, 0xff, 0x19, 0x15, 0x11, 0xff, 0x1a, 0x15, 0x11, 0xff, 0x19, 0x15, 0x11, 0xff, 0x19, 0x15,
	0x11, 0xff, 0x1a, 0x15, 0x11, 0xff, 0x19, 0x15, 0x10, 0xff, 0x22, 0x1e, 0x1c, 0xff, 0x19, 0x15, 0x12,
	0xff, 0x19, 0x14, 0x10, 0xff, 0x18, 0x14, 0x11, 0xff, 0x1a, 0x16, 0x15, 0xff, 0x19, 0x14, 0x11, 0xff,
	0x19, 0x15, 0x11, 0xff, 0x19, 0x16, 0x10, 0xff, 0x19, 0x18, 0x10, 0xff, 0x18, 0x1b, 0x10, 0xff, 0x1d,
	0x26, 0x16, 0xff, 0x19, 0x2b, 0x10, 0xff, 0x1e, 0x40, 0x14, 0xff, 0x23, 0x8a, 0x0e, 0xff, 0x9b, 0xf4,
	0x94, 0xff, 0x79, 0xf0, 0x72, 0xff, 0x21, 0x74, 0x18, 0xff, 0x1f, 0x49, 0x11, 0xff, 0x1f, 0x49, 0x11,
	0xff, 0x20, 0x77, 0x11, 0xff, 0x74, 0xe9, 0x6d, 0xff, 0x64, 0xe0, 0x5b, 0xff, 0x1e, 0x63, 0x13, 0xff,
	0x1a, 0x34, 0x11, 0xff, 0x17, 0x27, 0x0f, 0xff, 0x1a, 0x21, 0x14, 0xff, 0x18, 0x18, 0x0f, 0xff, 0x18,
	0x15, 0x0f, 0xff, 0x18, 0x14, 0x10, 0xff, 0x18, 0x14, 0x10, 0xff, 0x18, 0x13, 0x10, 0xff, 0x18, 0x13,
	0x10, 0xff, 0x18, 0x14, 0x10, 0xff, 0x18, 0x14, 0x10, 0xff, 0x18, 0x13, 0x10, 0xff, 0x18, 0x14, 0x10,
	0xff, 0x18, 0x14, 0x10, 0xff, 0x18, 0x14, 0x10, 0xff, 0x18, 0x14, 0x10, 0xff, 0x17, 0x14, 0x10, 0xff,
	0x17, 0x14, 0x10, 0xff, 0x18, 0x14, 0x10, 0xff, 0x18, 0x14, 0x10, 0xff, 0x18, 0x14, 0x10, 0xff, 0x18,
	0x14, 0x10, 0xff, 0x18, 0x14, 0x10, 0xff, 0x19, 0x15, 0x11, 0xff, 0x0f, 0x28, 0x0c, 0xff, 0x22, 0x1f,
	0x1b, 0xff, 0x34, 0x38, 0x2c, 0xf6, 0x35, 0x39, 0x2f, 0xfb, 0x26, 0x23, 0x1d, 0xff, 0x14, 0x2d, 0x12,
	0xff, 0x1b, 0x16, 0x12, 0xff, 0x19, 0x15, 0x11, 0xff, 0x1a, 0x15, 0x12, 0xff, 0x19, 0x15, 0x11, 0xff,
	0x19, 0x15, 0x11, 0xff, 0x1a, 0x15, 0x12, 0xff, 0x1a, 0x16, 0x12, 0xff, 0x1a, 0x16, 0x12, 0xff, 0x1a,
	0x16, 0x12, 0xff, 0x1a, 0x16, 0x11, 0xff, 0x19, 0x15, 0x10, 0xff, 0x19, 0x14, 0x11, 0xff, 0x19, 0x15,
	0x11, 0xff, 0x19, 0x15, 0x11, 0xff, 0x1a, 0x15, 0x12, 0xff, 0x19, 0x15, 0x13, 0xff, 0x1b, 0x17, 0x15,
	0xff, 0x1a, 0x15, 0x12, 0xff, 0x19, 0x15, 0x11, 0xff, 0x18, 0x16, 0x10, 0xff, 0x18, 0x1b, 0x0f, 0xff,
	0x19, 0x22, 0x10, 0xff, 0x1a, 0x2c, 0x12, 0xff, 0x1f, 0x41, 0x17, 0xff, 0x24, 0x8d, 0x12, 0xff, 0x99,
	0xf4, 0x8e, 0xff, 0x77, 0xee, 0x70, 0xff, 0x20, 0x68, 0x16, 0xff, 0x1c, 0x41, 0x11, 0xff, 0x1d, 0x44,
	0x10, 0xff, 0x1f, 0x71, 0x10, 0xff, 0x74, 0xe9, 0x6d, 0xff, 0x66, 0xe1, 0x5b, 0xff, 0x1f, 0x69, 0x13,
	0xff, 0x1a, 0x36, 0x11, 0xff, 0x18, 0x28, 0x0f, 0xff, 0x18, 0x1e, 0x10, 0xff, 0x19, 0x19, 0x0f, 0xff,
	0x19, 0x16, 0x10, 0xff, 0x18, 0x14, 0x10, 0xff, 0x19, 0x15, 0x10, 0xff, 0x19, 0x15, 0x10, 0xff, 0x19,
	0x15, 0x10, 0xff, 0x19, 0x15, 0x10, 0xff, 0x19, 0x15, 0x10, 0xff, 0x19, 0x14, 0x10, 0xff, 0x19, 0x14,
	0x10, 0xff, 0x19, 0x14, 0x10, 0xff, 0x19, 0x15, 0x11, 0xff, 0x18, 0x15, 0x11, 0xff, 0x18, 0x14, 0x10,
	0xff, 0x18, 0x14, 0x10, 0xff, 0x18, 0x14, 0x10, 0xff, 0x19, 0x15, 0x10, 0xff, 0x19, 0x15, 0x10, 0xff,
	0x19, 0x15, 0x11, 0xff, 0x18, 0x15, 0x11, 0xff, 0x19, 0x16, 0x11, 0xff, 0x10, 0x2a, 0x0c, 0xff, 0x23,
	0x20, 0x1b, 0xff, 0x35, 0x39, 0x2d, 0xf6, 0x35, 0x3a, 0x30, 0xfc, 0x26, 0x24, 0x1d, 0xff, 0x15, 0x30,
	0x13, 0xff, 0x1b, 0x17, 0x13, 0xff, 0x1a, 0x16, 0x11, 0xff, 0x1a, 0x16, 0x11, 0xff, 0x1a, 0x16, 0x11,
	0xff, 0x1a, 0x15, 0x11, 0xff, 0x1a, 0x15, 0x12, 0xff, 0x1d, 0x19, 0x17, 0xff, 0x1a, 0x16, 0x13, 0xff,
	0x1e, 0x1a, 0x17, 0xff, 0x1a, 0x16, 0x12, 0xff, 0x1a, 0x16, 0x11, 0xff, 0x1a, 0x16, 0x11, 0xff, 0x1a,
	0x16, 0x12, 0xff, 0x1a, 0x16, 0x12, 0xff, 0x1a, 0x16, 0x12, 0xff, 0x1b, 0x16, 0x12, 0xff, 0x1a, 0x16,
	0x13, 0xff, 0x1a, 0x16, 0x12, 0xff, 0x1a, 0x16, 0x11, 0xff, 0x1b, 0x19, 0x13, 0xff, 0x19, 0x1c, 0x0f,
	0xff, 0x1a, 0x22, 0x11, 0xff, 0x1b, 0x2d, 0x12, 0xff, 0x1e, 0x41, 0x15, 0xff, 0x23, 0x87, 0x14, 0xff,
	0x91, 0xf3, 0x88, 0xff, 0x6f, 0xe8, 0x67, 0xff, 0x23, 0x60, 0x19, 0xff, 0x1c, 0x40, 0x12, 0xff, 0x1d,
	0x43, 0x11, 0xff, 0x1e, 0x72, 0x10, 0xff, 0x73, 0xe9, 0x6c, 0xff, 0x66, 0xe0, 0x5d, 0xff, 0x1f, 0x6a,
	0x13, 0xff, 0x1a, 0x36, 0x11, 0xff, 0x19, 0x28, 0x10, 0xff, 0x19, 0x1f, 0x10, 0xff, 0x19, 0x19, 0x0f,
	0xff, 0x19, 0x16, 0x10, 0xff, 0x19, 0x15, 0x10, 0xff, 0x19, 0x15, 0x10, 0xff, 0x19, 0x15, 0x11, 0xff,
	0x19, 0x15, 0x11, 0xff, 0x19, 0x15, 0x11, 0xff, 0x19, 0x15, 0x10, 0xff, 0x19, 0x15, 0x10, 0xff, 0x19,
	0x15, 0x10, 0xff, 0x19, 0x15, 0x10, 0xff, 0x19, 0x15, 0x11, 0xff, 0x19, 0x15, 0x12, 0xff, 0x19, 0x15,
	0x11, 0xff, 0x19, 0x15, 0x11, 0xff, 0x19, 0x15, 0x11, 0xff, 0x19, 0x15, 0x11, 0xff, 0x19, 0x16, 0x10,
	0xff, 0x19, 0x15, 0x10, 0xff, 0x18, 0x15, 0x10, 0xff, 0x1a, 0x16, 0x11, 0xff, 0x0f, 0x2d, 0x0c, 0xff,
	0x24, 0x22, 0x1b, 0xff, 0x37, 0x3a, 0x2e, 0xf7, 0x35, 0x3a, 0x30, 0xfb, 0x27, 0x25, 0x1d, 0xff, 0x16,
	0x34, 0x15, 0xff, 0x1d, 0x18, 0x14, 0xff, 0x1b, 0x17, 0x12, 0xff, 0x1b, 0x17, 0x12, 0xff, 0x1b, 0x16,
	0x11, 0xff, 0x1b, 0x16, 0x11, 0xff, 0x20, 0x1b, 0x18, 0xff, 0x21, 0x1d, 0x19, 0xff, 0x1a, 0x16, 0x12,
	0xff, 0x1a, 0x16, 0x12, 0xff, 0x1b, 0x16, 0x12, 0xff, 0x1b, 0x16, 0x11, 0xff, 0x1b, 0x17, 0x12, 0xff,
	0x1b, 0x17, 0x12, 0xff, 0x1c, 0x18, 0x13, 0xff, 0x1b, 0x17, 0x13, 0xff, 0x1b, 0x16, 0x12, 0xff, 0x1b,
	0x16, 0x12, 0xff, 0x1b, 0x16, 0x12, 0xff, 0x1f, 0x1b, 0x18, 0xff, 0x1d, 0x1b, 0x15, 0xff, 0x1b, 0x1d,
	0x11, 0xff, 0x1b, 0x23, 0x12, 0xff, 0x1c, 0x2c, 0x12, 0xff, 0x1f, 0x3f, 0x13, 0xff, 0x20, 0x7f, 0x0f,
	0xff, 0x87, 0xef, 0x7d, 0xff, 0x68, 0xde, 0x5c, 0xff, 0x1f, 0x5b, 0x13, 0xff, 0x1d, 0x41, 0x10, 0xff,
	0x1e, 0x43, 0x10, 0xff, 0x1f, 0x71, 0x10, 0xff, 0x74, 0xe8, 0x6c, 0xff, 0x66, 0xdf, 0x5c, 0xff, 0x1f,
	0x66, 0x13, 0xff, 0x1b, 0x36, 0x11, 0xff, 0x19, 0x29, 0x10, 0xff, 0x19, 0x1f, 0x10, 0xff, 0x19, 0x1a,
	0x0f, 0xff, 0x19, 0x16, 0x10, 0xff, 0x19, 0x16, 0x11, 0xff, 0x1a, 0x16, 0x11, 0xff, 0x1c, 0x18, 0x15,
	0xff, 0x1a, 0x16, 0x12, 0xff, 0x1a, 0x16, 0x12, 0xff, 0x1a, 0x16, 0x11, 0xff, 0x1a, 0x16, 0x11, 0xff,
	0x1a, 0x16, 0x10, 0xff, 0x1a, 0x16, 0x10, 0xff, 0x1d, 0x19, 0x15, 0xff, 0x1e, 0x19, 0x16, 0xff, 0x1a,
	0x16, 0x12, 0xff, 0x1b, 0x17, 0x14, 0xff, 0x19, 0x16, 0x12, 0xff, 0x1e, 0x1a, 0x17, 0xff, 0x19, 0x16,
	0x11, 0xff, 0x19, 0x16, 0x11, 0xff, 0x19, 0x16, 0x12, 0xff, 0x1a, 0x16, 0x12, 0xff, 0x10, 0x31, 0x0d,
	0xff, 0x25, 0x23, 0x1c, 0xff, 0x34, 0x39, 0x2b, 0xf3, 0x36, 0x3a, 0x31, 0xfb, 0x28, 0x26, 0x1f, 0xff,
	0x18, 0x37, 0x16, 0xff, 0x1e, 0x19, 0x15, 0xff, 0x1c, 0x18, 0x13, 0xff, 0x1c, 0x18, 0x12, 0xff, 0x1c,
	0x17, 0x12, 0xff, 0x1c, 0x17, 0x12, 0xff, 0x1b, 0x17, 0x12, 0xff, 0x1b, 0x16, 0x12, 0xff, 0x1d, 0x19,
	0x16, 0xff, 0x1b, 0x17, 0x12, 0xff, 0x1b, 0x17, 0x12, 0xff, 0x1c, 0x17, 0x12, 0xff, 0x1c, 0x17, 0x12,
	0xff, 0x1b, 0x17, 0x13, 0xff, 0x1c, 0x18, 0x15, 0xff, 0x1b, 0x17, 0x13, 0xff, 0x1b, 0x17, 0x12, 0xff,
	0x1c, 0x17, 0x12, 0xff, 0x1d, 0x17, 0x13, 0xff, 0x1d, 0x18, 0x13, 0xff, 0x1d, 0x19, 0x13, 0xff, 0x21,
	0x20, 0x16, 0xff, 0x1c, 0x23, 0x14, 0xff, 0x1c, 0x2b, 0x13, 0xff, 0x1e, 0x3e, 0x13, 0xff, 0x20, 0x7c,
	0x0f, 0xff, 0x85, 0xec, 0x7b, 0xff, 0x62, 0xd7, 0x56, 0xff, 0x1f, 0x5a, 0x13, 0xff, 0x1d, 0x41, 0x10,
	0xff, 0x1e, 0x43, 0x11, 0xff, 0x1f, 0x70, 0x10, 0xff, 0x73, 0xe7, 0x6c, 0xff, 0x64, 0xde, 0x5a, 0xff,
	0x20, 0x66, 0x13, 0xff, 0x1b, 0x37, 0x12, 0xff, 0x1a, 0x29, 0x10, 0xff, 0x19, 0x1f, 0x10, 0xff, 0x19,
	0x1a, 0x10, 0xff, 0x2d, 0x29, 0x24, 0xff, 0x1a, 0x16, 0x12, 0xff, 0x1b, 0x16, 0x12, 0xff, 0x1b, 0x17,
	0x14, 0xff, 0x1b, 0x17, 0x13, 0xff, 0x1d, 0x19, 0x16, 0xff, 0x1a, 0x16, 0x12, 0xff, 0x1b, 0x16, 0x11,
	0xff, 0x1b, 0x17, 0x11, 0xff, 0x1b, 0x16, 0x11, 0xff, 0x1b, 0x16, 0x12, 0xff, 0x1b, 0x16, 0x12, 0xff,
	0x1a, 0x17, 0x12, 0xff, 0x1a, 0x16, 0x13, 0xff, 0x1a, 0x16, 0x12, 0xff, 0x1a, 0x16, 0x12, 0xff, 0x1a,
	0x16, 0x12, 0xff, 0x1a, 0x16, 0x12, 0xff, 0x1b, 0x17, 0x14, 0xff, 0x1b, 0x17, 0x12, 0xff, 0x11, 0x34,
	0x0e, 0xff, 0x26, 0x25, 0x1e, 0xff, 0x36, 0x3b, 0x2d, 0xf4, 0x38, 0x3b, 0x33, 0xfb, 0x28, 0x27, 0x20,
	0xff, 0x1a, 0x39, 0x18, 0xff, 0x1e, 0x1a, 0x15, 0xff, 0x1c, 0x18, 0x13, 0xff, 0x1d, 0x18, 0x14, 0xff,
	0x24, 0x1f, 0x1b, 0xff, 0x1c, 0x18, 0x13, 0xff, 0x1c, 0x18, 0x12, 0xff, 0x1c, 0x17, 0x12, 0xff, 0x1c,
	0x17, 0x13, 0xff, 0x1c, 0x17, 0x13, 0xff, 0x1c, 0x18, 0x13, 0xff, 0x1c, 0x18, 0x13, 0xff, 0x1c, 0x18,
	0x13, 0xff, 0x1c, 0x18, 0x13, 0xff, 0x1d, 0x19, 0x16, 0xff, 0x1c, 0x18, 0x13, 0xff, 0x1d, 0x18, 0x13,
	0xff, 0x1d, 0x18, 0x13, 0xff, 0x1f, 0x19, 0x16, 0xff, 0x1e, 0x19, 0x14, 0xff, 0x1e, 0x1a, 0x13, 0xff,
	0x1d, 0x1d, 0x12, 0xff, 0x1c, 0x22, 0x13, 0xff, 0x1d, 0x29, 0x14, 0xff, 0x21, 0x3e, 0x18, 0xff, 0x20,
	0x7b, 0x0f, 0xff, 0x84, 0xec, 0x7b, 0xff, 0x5f, 0xd4, 0x55, 0xff, 0x20, 0x58, 0x13, 0xff, 0x1e, 0x41,
	0x10, 0xff, 0x1f, 0x43, 0x11, 0xff, 0x1f, 0x70, 0x10, 0xff, 0x74, 0xe7, 0x6c, 0xff, 0x66, 0xdf, 0x5c,
	0xff, 0x20, 0x68, 0x12, 0xff, 0x1b, 0x37, 0x12, 0xff, 0x1a, 0x29, 0x11, 0xff, 0x1a, 0x20, 0x11, 0xff,
	0x1a, 0x1b, 0x11, 0xff, 0x1a, 0x17, 0x12, 0xff, 0x1b, 0x17, 0x12, 0xff, 0x1c, 0x17, 0x12, 0xff, 0x1c,
	0x17, 0x12, 0xff, 0x1c, 0x17, 0x12, 0xff, 0x1c, 0x17, 0x13, 0xff, 0x1b, 0x17, 0x12, 0xff, 0x1c, 0x17,
	0x12, 0xff, 0x1c, 0x17, 0x12, 0xff, 0x1b, 0x17, 0x12, 0xff, 0x1b, 0x17, 0x12, 0xff, 0x1c, 0x17, 0x12,
	0xff, 0x21, 0x1d, 0x1a, 0xff, 0x1b, 0x17, 0x13, 0xff, 0x1c, 0x17, 0x12, 0xff, 0x1b, 0x17, 0x12, 0xff,
	0x1b, 0x17, 0x12, 0xff, 0x1b, 0x17, 0x14, 0xff, 0x1b, 0x17, 0x13, 0xff, 0x1c, 0x18, 0x13, 0xff, 0x12,
	0x36, 0x0f, 0xff, 0x27, 0x26, 0x1f, 0xff, 0x38, 0x3d, 0x30, 0xf6, 0x38, 0x3b, 0x33, 0xfb, 0x29, 0x27,
	0x21, 0xff, 0x1a, 0x3b, 0x19, 0xff, 0x1f, 0x1a, 0x16, 0xff, 0x1e, 0x19, 0x16, 0xff, 0x1c, 0x18, 0x14,
	0xff, 0x1c, 0x18, 0x13, 0xff, 0x1d, 0x18, 0x13, 0xff, 0x1d, 0x19, 0x13, 0xff, 0x1d, 0x19, 0x12, 0xff,
	0x1d, 0x18, 0x13, 0xff, 0x1d, 0x18, 0x13, 0xff, 0x1d, 0x18, 0x14, 0xff, 0x1f, 0x1a, 0x17, 0xff, 0x1d,
	0x18, 0x13, 0xff, 0x1d, 0x18, 0x13, 0xff, 0x1d, 0x19, 0x13, 0xff, 0x1d, 0x19, 0x13, 0xff, 0x1e, 0x19,
	0x14, 0xff, 0x1e, 0x19, 0x13, 0xff, 0x1f, 0x18, 0x14, 0xff, 0x1f, 0x19, 0x14, 0xff, 0x1e, 0x1a, 0x12,
	0xff, 0x1e, 0x1e, 0x11, 0xff, 0x1e, 0x22, 0x12, 0xff, 0x1e, 0x2b, 0x14, 0xff, 0x1f, 0x3c, 0x15, 0xff,
	0x21, 0x7c, 0x0f, 0xff, 0x83, 0xeb, 0x7a, 0xff, 0x5f, 0xd3, 0x54, 0xff, 0x20, 0x57, 0x13, 0xff, 0x1e,
	0x3f, 0x11, 0xff, 0x1f, 0x42, 0x12, 0xff, 0x21, 0x6e, 0x11, 0xff, 0x75, 0xe6, 0x6d, 0xff, 0x66, 0xde,
	0x5b, 0xff, 0x20, 0x67, 0x13, 0xff, 0x1c, 0x37, 0x12, 0xff, 0x1b, 0x29, 0x11, 0xff, 0x1b, 0x21, 0x11,
	0xff, 0x1c, 0x1c, 0x10, 0xff, 0x1c, 0x19, 0x11, 0xff, 0x1c, 0x18, 0x12, 0xff, 0x1d, 0x18, 0x12, 0xff,
	0x1c, 0x17, 0x12, 0xff, 0x1c, 0x17, 0x13, 0xff, 0x24, 0x1e, 0x1c, 0xff, 0x1c, 0x18, 0x13, 0xff, 0x1c,
	0x18, 0x12, 0xff, 0x1c, 0x18, 0x12, 0xff, 0x1c, 0x18, 0x12, 0xff, 0x1c, 0x18, 0x13, 0xff, 0x1c, 0x18,
	0x13, 0xff, 0x1c, 0x18, 0x13, 0xff, 0x1c, 0x18, 0x13, 0xff, 0x1c, 0x18, 0x13, 0xff, 0x1c, 0x17, 0x13,
	0xff, 0x1c, 0x17, 0x13, 0xff, 0x1c, 0x18, 0x13, 0xff, 0x1c, 0x18, 0x13, 0xff, 0x1d, 0x19, 0x13, 0xff,
	0x13, 0x38, 0x10, 0xff, 0x28, 0x27, 0x20, 0xff, 0x39, 0x3d, 0x31, 0xf6, 0x3a, 0x3d, 0x35, 0xfb, 0x2b,
	0x29, 0x22, 0xff, 0x1b, 0x3c, 0x19, 0xff, 0x20, 0x1b, 0x16, 0xff, 0x1d, 0x19, 0x14, 0xff, 0x1e, 0x19,
	0x14, 0xff, 0x1e, 0x19, 0x13, 0xff, 0x1e, 0x19, 0x13, 0xff, 0x1e, 0x19, 0x13, 0xff, 0x1e, 0x19, 0x13,
	0xff, 0x1e, 0x19, 0x13, 0xff, 0x1e, 0x19, 0x13, 0xff, 0x1e, 0x19, 0x14, 0xff, 0x1e, 0x19, 0x14, 0xff,
	0x1e, 0x19, 0x14, 0xff, 0x1e, 0x19, 0x14, 0xff, 0x21, 0x1d, 0x18, 0xff, 0x1e, 0x19, 0x15, 0xff, 0x1f,
	0x19, 0x15, 0xff, 0x21, 0x1b, 0x18, 0xff, 0x20, 0x19, 0x15, 0xff, 0x20, 0x19, 0x14, 0xff, 0x1f, 0x1b,
	0x13, 0xff, 0x1f, 0x1f, 0x12, 0xff, 0x1f, 0x24, 0x13, 0xff, 0x1f, 0x2d, 0x14, 0xff, 0x21, 0x3f, 0x15,
	0xff, 0x23, 0x7c, 0x10, 0xff, 0x83, 0xeb, 0x79, 0xff, 0x60, 0xd3, 0x54, 0xff, 0x21, 0x56, 0x14, 0xff,
	0x1f, 0x3f, 0x12, 0xff, 0x20, 0x42, 0x13, 0xff, 0x22, 0x6d, 0x11, 0xff, 0x75, 0xe5, 0x6e, 0xff, 0x66,
	0xde, 0x5b, 0xff, 0x21, 0x65, 0x14, 0xff, 0x1d, 0x37, 0x12, 0xff, 0x1c, 0x29, 0x12, 0xff, 0x1c, 0x21,
	0x12, 0xff, 0x1c, 0x1c, 0x11, 0xff, 0x1d, 0x19, 0x12, 0xff, 0x1d, 0x19, 0x13, 0xff, 0x1d, 0x18, 0x13,
	0xff, 0x1e, 0x19, 0x15, 0xff, 0x1d, 0x19, 0x13, 0xff, 0x1e, 0x19, 0x13, 0xff, 0x1d, 0x19, 0x13, 0xff,
	0x1e, 0x19, 0x14, 0xff, 0x1d, 0x18, 0x13, 0xff, 0x1d, 0x19, 0x13, 0xff, 0x1d, 0x18, 0x14, 0xff, 0x20,
	0x1c, 0x18, 0xff, 0x1d, 0x19, 0x14, 0xff, 0x1d, 0x19, 0x13, 0xff, 0x1d, 0x19, 0x13, 0xff, 0x1f, 0x1b,
	0x18, 0xff, 0x1c, 0x18, 0x14, 0xff, 0x1c, 0x18, 0x13, 0xff, 0x1c, 0x18, 0x13, 0xff, 0x1d, 0x19, 0x14,
	0xff, 0x14, 0x39, 0x0f, 0xff, 0x2a, 0x28, 0x22, 0xff, 0x3b, 0x3e, 0x33, 0xf6, 0x3d, 0x40, 0x37, 0xfc,
	0x2d, 0x2b, 0x23, 0xff, 0x1a, 0x3b, 0x18, 0xff, 0x20, 0x1b, 0x17, 0xff, 0x1e, 0x19, 0x14, 0xff, 0x1e,
	0x1a, 0x14, 0xff, 0x1e, 0x1a, 0x14, 0xff, 0x1e, 0x1a, 0x14, 0xff, 0x1e, 0x1a, 0x14, 0xff, 0x1e, 0x1a,
	0x14, 0xff, 0x1e, 0x1a, 0x14, 0xff, 0x1e, 0x1a, 0x15, 0xff, 0x26, 0x21, 0x1d, 0xff, 0x1e, 0x1a, 0x15,
	0xff, 0x21, 0x1c, 0x19, 0xff, 0x1f, 0x1a, 0x15, 0xff, 0x21, 0x1c, 0x19, 0xff, 0x20, 0x1b, 0x18, 0xff,
	0x1f, 0x19, 0x15, 0xff, 0x20, 0x19, 0x16, 0xff, 0x20, 0x19, 0x15, 0xff, 0x21, 0x1a, 0x14, 0xff, 0x20,
	0x1c, 0x13, 0xff, 0x1f, 0x20, 0x13, 0xff, 0x1f, 0x25, 0x14, 0xff, 0x1f, 0x2e, 0x14, 0xff, 0x21, 0x40,
	0x15, 0xff, 0x24, 0x7e, 0x10, 0xff, 0x84, 0xeb, 0x79, 0xff, 0x5f, 0xd2, 0x53, 0xff, 0x22, 0x55, 0x15,
	0xff, 0x20, 0x3f, 0x13, 0xff, 0x22, 0x43, 0x18, 0xff, 0x24, 0x6d, 0x13, 0xff, 0x75, 0xe4, 0x6e, 0xff,
	0x66, 0xdd, 0x5b, 0xff, 0x22, 0x66, 0x14, 0xff, 0x1e, 0x38, 0x13, 0xff, 0x1d, 0x2a, 0x12, 0xff, 0x1d,
	0x21, 0x12, 0xff, 0x1d, 0x1d, 0x12, 0xff, 0x1d, 0x1a, 0x12, 0xff, 0x1d, 0x19, 0x14, 0xff, 0x1e, 0x19,
	0x14, 0xff, 0x1e, 0x19, 0x15, 0xff, 0x1e, 0x19, 0x14, 0xff, 0x1e, 0x19, 0x13, 0xff, 0x1e, 0x19, 0x13,
	0xff, 0x1d, 0x19, 0x14, 0xff, 0x1d, 0x19, 0x14, 0xff, 0x1e, 0x19, 0x13, 0xff, 0x1e, 0x19, 0x14, 0xff,
	0x1d, 0x19, 0x14, 0xff, 0x1d, 0x19, 0x14, 0xff, 0x1d, 0x19, 0x13, 0xff, 0x1d, 0x19, 0x13, 0xff, 0x1c,
	0x19, 0x13, 0xff, 0x1c, 0x19, 0x14, 0xff, 0x1d, 0x19, 0x14, 0xff, 0x1d, 0x19, 0x14, 0xff, 0x1e, 0x1a,
	0x14, 0xff, 0x14, 0x3a, 0x0f, 0xff, 0x2b, 0x2a, 0x23, 0xff, 0x3d, 0x40, 0x34, 0xf8, 0x40, 0x42, 0x3a,
	0xfc, 0x30, 0x2e, 0x25, 0xff, 0x1a, 0x3c, 0x19, 0xff, 0x21, 0x1c, 0x18, 0xff, 0x1e, 0x1a, 0x15, 0xff,
	0x1f, 0x1a, 0x16, 0xff, 0x1f, 0x1a, 0x15, 0xff, 0x1f, 0x1a, 0x15, 0xff, 0x1e, 0x1a, 0x15, 0xff, 0x1e,
	0x1a, 0x15, 0xff, 0x1e, 0x1a, 0x15, 0xff, 0x1f, 0x1a, 0x15, 0xff, 0x2a, 0x26, 0x22, 0xff, 0x1f, 0x1b,
	0x17, 0xff, 0x20, 0x1b, 0x16, 0xff, 0x1f, 0x1b, 0x16, 0xff, 0x1f, 0x1a, 0x16, 0xff, 0x1f, 0x1a, 0x16,
	0xff, 0x20, 0x1a, 0x16, 0xff, 0x21, 0x1a, 0x17, 0xff, 0x21, 0x1a, 0x15, 0xff, 0x22, 0x1b, 0x15, 0xff,
	0x21, 0x1d, 0x14, 0xff, 0x20, 0x20, 0x14, 0xff, 0x1f, 0x26, 0x15, 0xff, 0x20, 0x2f, 0x15, 0xff, 0x22,
	0x40, 0x16, 0xff, 0x25, 0x81, 0x10, 0xff, 0x84, 0xeb, 0x79, 0xff, 0x61, 0xd5, 0x54, 0xff, 0x23, 0x56,
	0x16, 0xff, 0x21, 0x3f, 0x14, 0xff, 0x23, 0x42, 0x18, 0xff, 0x23, 0x70, 0x12, 0xff, 0x75, 0xe5, 0x6e,
	0xff, 0x66, 0xdd, 0x5b, 0xff, 0x23, 0x66, 0x15, 0xff, 0x1f, 0x37, 0x14, 0xff, 0x1e, 0x2a, 0x12, 0xff,
	0x1e, 0x21, 0x12, 0xff, 0x1e, 0x1e, 0x12, 0xff, 0x1d, 0x1a, 0x12, 0xff, 0x22, 0x1d, 0x19, 0xff, 0x1e,
	0x1a, 0x15, 0xff, 0x1e, 0x1a, 0x15, 0xff, 0x1e, 0x1a, 0x15, 0xff, 0x1e, 0x1a, 0x14, 0xff, 0x1e, 0x1a,
	0x14, 0xff, 0x1e, 0x19, 0x14, 0xff, 0x1e, 0x19, 0x14, 0xff, 0x1d, 0x19, 0x15, 0xff, 0x1e, 0x19, 0x14,
	0xff, 0x1d, 0x19, 0x14, 0xff, 0x1d, 0x19, 0x14, 0xff, 0x1d, 0x1a, 0x14, 0xff, 0x1d, 0x19, 0x13, 0xff,
	0x1d, 0x19, 0x14, 0xff, 0x1c, 0x19, 0x15, 0xff, 0x1e, 0x1b, 0x17, 0xff, 0x1d, 0x19, 0x14, 0xff, 0x1e,
	0x1a, 0x14, 0xff, 0x13, 0x3b, 0x0f, 0xff, 0x2d, 0x2c, 0x24, 0xff, 0x3f, 0x42, 0x36, 0xfb, 0x42, 0x44,
	0x3c, 0xfc, 0x32, 0x30, 0x28, 0xff, 0x1b, 0x3c, 0x19, 0xff, 0x22, 0x1d, 0x19, 0xff, 0x1f, 0x1a, 0x16,
	0xff, 0x21, 0x1d, 0x19, 0xff, 0x1f, 0x1b, 0x16, 0xff, 0x1f, 0x1b, 0x15, 0xff, 0x1f, 0x1b, 0x15, 0xff,
	0x20, 0x1b, 0x17, 0xff, 0x25, 0x21, 0x1d, 0xff, 0x1f, 0x1b, 0x16, 0xff, 0x1f, 0x1b, 0x16, 0xff, 0x25,
	0x21, 0x1e, 0xff, 0x20, 0x1b, 0x16, 0xff, 0x20, 0x1b, 0x16, 0xff, 0x20, 0x1b, 0x15, 0xff, 0x20, 0x1b,
	0x16, 0xff, 0x20, 0x1b, 0x16, 0xff, 0x21, 0x1a, 0x16, 0xff, 0x22, 0x1a, 0x16, 0xff, 0x21, 0x1b, 0x15,
	0xff, 0x21, 0x1d, 0x14, 0xff, 0x20, 0x20, 0x15, 0xff, 0x21, 0x27, 0x17, 0xff, 0x20, 0x30, 0x15, 0xff,
	0x23, 0x40, 0x18, 0xff, 0x25, 0x80, 0x0f, 0xff, 0x85, 0xeb, 0x79, 0xff, 0x63, 0xd7, 0x55, 0xff, 0x23,
	0x59, 0x16, 0xff, 0x22, 0x40, 0x15, 0xff, 0x23, 0x41, 0x16, 0xff, 0x23, 0x6e, 0x12, 0xff, 0x76, 0xe5,
	0x6d, 0xff, 0x68, 0xdc, 0x5b, 0xff, 0x25, 0x66, 0x17, 0xff, 0x20, 0x37, 0x15, 0xff, 0x1f, 0x2a, 0x14,
	0xff, 0x1e, 0x22, 0x13, 0xff, 0x1e, 0x1e, 0x12, 0xff, 0x1e, 0x1a, 0x13, 0xff, 0x1e, 0x1a, 0x14, 0xff,
	0x1e, 0x1a, 0x15, 0xff, 0x1e, 0x1a, 0x15, 0xff, 0x1e, 0x1a, 0x15, 0xff, 0x1e, 0x1a, 0x15, 0xff, 0x1e,
	0x1a, 0x15, 0xff, 0x1f, 0x1a, 0x15, 0xff, 0x1e, 0x1a, 0x15, 0xff, 0x22, 0x1e, 0x1a, 0xff, 0x1e, 0x1a,
	0x15, 0xff, 0x1e, 0x1a, 0x15, 0xff, 0x1e, 0x1a, 0x15, 0xff, 0x1d, 0x1a, 0x15, 0xff, 0x1d, 0x1a, 0x14,
	0xff, 0x1d, 0x1a, 0x15, 0xff, 0x1e, 0x1a, 0x15, 0xff, 0x1e, 0x1a, 0x15, 0xff, 0x1e, 0x1a, 0x15, 0xff,
	0x1f, 0x1b, 0x15, 0xff, 0x13, 0x3b, 0x0f, 0xff, 0x2e, 0x2e, 0x25, 0xff, 0x41, 0x44, 0x37, 0xfc, 0x44,
	0x45, 0x3e, 0xfb, 0x34, 0x32, 0x29, 0xff, 0x1a, 0x3d, 0x1a, 0xff, 0x23, 0x1e, 0x1a, 0xff, 0x20, 0x1c,
	0x17, 0xff, 0x20, 0x1c, 0x17, 0xff, 0x20, 0x1c, 0x16, 0xff, 0x1f, 0x1c, 0x16, 0xff, 0x1f, 0x1b, 0x16,
	0xff, 0x1f, 0x1b, 0x16, 0xff, 0x1f, 0x1b, 0x16, 0xff, 0x1f, 0x1b, 0x16, 0xff, 0x20, 0x1b, 0x16, 0xff,
	0x25, 0x21, 0x1d, 0xff, 0x20, 0x1c, 0x16, 0xff, 0x20, 0x1c, 0x18, 0xff, 0x20, 0x1c, 0x17, 0xff, 0x21,
	0x1c, 0x16, 0xff, 0x21, 0x1b, 0x16, 0xff, 0x22, 0x1b, 0x16, 0xff, 0x23, 0x1c, 0x19, 0xff, 0x22, 0x1b,
	0x16, 0xff, 0x22, 0x1e, 0x16, 0xff, 0x21, 0x20, 0x16, 0xff, 0x20, 0x27, 0x16, 0xff, 0x21, 0x30, 0x15,
	0xff, 0x24, 0x41, 0x18, 0xff, 0x27, 0x81, 0x11, 0xff, 0x86, 0xed, 0x7b, 0xff, 0x65, 0xdb, 0x58, 0xff,
	0x24, 0x5c, 0x17, 0xff, 0x22, 0x41, 0x14, 0xff, 0x23, 0x43, 0x15, 0xff, 0x24, 0x6f, 0x13, 0xff, 0x76,
	0xe5, 0x6d, 0xff, 0x67, 0xdd, 0x5b, 0xff, 0x26, 0x67, 0x18, 0xff, 0x24, 0x39, 0x1a, 0xff, 0x1f, 0x29,
	0x16, 0xff, 0x1f, 0x23, 0x14, 0xff, 0x1f, 0x1e, 0x13, 0xff, 0x1f, 0x1b, 0x13, 0xff, 0x1f, 0x1a, 0x14,
	0xff, 0x1f, 0x1a, 0x15, 0xff, 0x1f, 0x1a, 0x16, 0xff, 0x1f, 0x1a, 0x15, 0xff, 0x1f, 0x1a, 0x16, 0xff,
	0x1f, 0x1a, 0x15, 0xff, 0x1f, 0x1b, 0x15, 0xff, 0x1f, 0x1a, 0x15, 0xff, 0x1f, 0x1a, 0x16, 0xff, 0x1e,
	0x1a, 0x16, 0xff, 0x1e, 0x1a, 0x16, 0xff, 0x1e, 0x1a, 0x16, 0xff, 0x25, 0x21, 0x1e, 0xff, 0x1e, 0x1a,
	0x16, 0xff, 0x1e, 0x1a, 0x15, 0xff, 0x1e, 0x1a, 0x15, 0xff, 0x1f, 0x1c, 0x18, 0xff, 0x20, 0x1b, 0x18,
	0xff, 0x1f, 0x1b, 0x16, 0xff, 0x12, 0x3a, 0x0e, 0xff, 0x30, 0x30, 0x26, 0xff, 0x42, 0x46, 0x39, 0xfc,
	0x45, 0x44, 0x3e, 0xfa, 0x35, 0x32, 0x2b, 0xff, 0x1a, 0x3c, 0x19, 0xff, 0x24, 0x1f, 0x1a, 0xff, 0x21,
	0x1d, 0x18, 0xff, 0x21, 0x1d, 0x18, 0xff, 0x21, 0x1d, 0x18, 0xff, 0x20, 0x1c, 0x17, 0xff, 0x20, 0x1c,
	0x16, 0xff, 0x20, 0x1c, 0x16, 0xff, 0x20, 0x1c, 0x16, 0xff, 0x20, 0x1c, 0x16, 0xff, 0x20, 0x1b, 0x17,
	0xff, 0x20, 0x1b, 0x18, 0xff, 0x20, 0x1c, 0x17, 0xff, 0x20, 0x1c, 0x18, 0xff, 0x21, 0x1c, 0x17, 0xff,
	0x21, 0x1c, 0x17, 0xff, 0x21, 0x1c, 0x16, 0xff, 0x22, 0x1b, 0x16, 0xff, 0x22, 0x1b, 0x18, 0xff, 0x22,
	0x1c, 0x16, 0xff, 0x22, 0x1e, 0x16, 0xff, 0x23, 0x23, 0x19, 0xff, 0x20, 0x28, 0x17, 0xff, 0x21, 0x31,
	0x16, 0xff, 0x26, 0x41, 0x19, 0xff, 0x28, 0x84, 0x12, 0xff, 0x89, 0xef, 0x7e, 0xff, 0x69, 0xde, 0x5d,
	0xff, 0x26, 0x5f, 0x17, 0xff, 0x24, 0x42, 0x15, 0xff, 0x25, 0x44, 0x17, 0xff, 0x26, 0x6f, 0x14, 0xff,
	0x77, 0xe6, 0x6d, 0xff, 0x69, 0xdf, 0x5c, 0xff, 0x26, 0x6a, 0x18, 0xff, 0x22, 0x39, 0x19, 0xff, 0x20,
	0x2a, 0x16, 0xff, 0x1f, 0x24, 0x15, 0xff, 0x1f, 0x1f, 0x14, 0xff, 0x20, 0x1c, 0x15, 0xff, 0x20, 0x1b,
	0x15, 0xff, 0x1f, 0x1b, 0x17, 0xff, 0x22, 0x1e, 0x1c, 0xff, 0x1f, 0x1b, 0x17, 0xff, 0x25, 0x20, 0x1e,
	0xff, 0x1f, 0x1b, 0x17, 0xff, 0x20, 0x1b, 0x16, 0xff, 0x20, 0x1b, 0x16, 0xff, 0x1f, 0x1b, 0x16, 0xff,
	0x22, 0x1d, 0x1b, 0xff, 0x20, 0x1c, 0x17, 0xff, 0x1f, 0x1b, 0x16, 0xff, 0x1f, 0x1a, 0x16, 0xff, 0x1f,
	0x1b, 0x16, 0xff, 0x1f, 0x1a, 0x16, 0xff, 0x1f, 0x1a, 0x16, 0xff, 0x1f, 0x1a, 0x17, 0xff, 0x1f, 0x1a,
	0x16, 0xff, 0x20, 0x1b, 0x16, 0xff, 0x12, 0x37, 0x0e, 0xff, 0x32, 0x31, 0x28, 0xff, 0x45, 0x47, 0x39,
	0xfc, 0x47, 0x45, 0x40, 0xfa, 0x38, 0x34, 0x2d, 0xff, 0x18, 0x3a, 0x17, 0xff, 0x24, 0x20, 0x1b, 0xff,
	0x22, 0x1e, 0x19, 0xff, 0x22, 0x1e, 0x19, 0xff, 0x25, 0x21, 0x1e, 0xff, 0x22, 0x1e, 0x1b, 0xff, 0x20,
	0x1c, 0x18, 0xff, 0x21, 0x1c, 0x17, 0xff, 0x21, 0x1c, 0x17, 0xff, 0x21, 0x1c, 0x17, 0xff, 0x21, 0x1c,
	0x17, 0xff, 0x21, 0x1c, 0x17, 0xff, 0x21, 0x1d, 0x18, 0xff, 0x21, 0x1d, 0x18, 0xff, 0x21, 0x1d, 0x18,
	0xff, 0x21, 0x1c, 0x18, 0xff, 0x22, 0x1c, 0x17, 0xff, 0x22, 0x1c, 0x16, 0xff, 0x22, 0x1c, 0x17, 0xff,
	0x23, 0x1d, 0x17, 0xff, 0x23, 0x1f, 0x17, 0xff, 0x22, 0x22, 0x17, 0xff, 0x20, 0x28, 0x16, 0xff, 0x22,
	0x31, 0x16, 0xff, 0x26, 0x42, 0x1a, 0xff, 0x2b, 0x87, 0x15, 0xff, 0x8c, 0xf0, 0x80, 0xff, 0x6c, 0xdf,
	0x60, 0xff, 0x27, 0x60, 0x18, 0xff, 0x25, 0x43, 0x16, 0xff, 0x25, 0x45, 0x17, 0xff, 0x27, 0x72, 0x14,
	0xff, 0x78, 0xe7, 0x6e, 0xff, 0x6a, 0xe0, 0x5d, 0xff, 0x27, 0x6c, 0x18, 0xff, 0x23, 0x3b, 0x17, 0xff,
	0x20, 0x2c, 0x15, 0xff, 0x20, 0x24, 0x15, 0xff, 0x20, 0x1f, 0x15, 0xff, 0x21, 0x1c, 0x15, 0xff, 0x20,
	0x1c, 0x16, 0xff, 0x21, 0x1c, 0x17, 0xff, 0x20, 0x1c, 0x17, 0xff, 0x21, 0x1c, 0x17, 0xff, 0x21, 0x1c,
	0x17, 0xff, 0x20, 0x1c, 0x17, 0xff, 0x20, 0x1c, 0x17, 0xff, 0x20, 0x1c, 0x17, 0xff, 0x22, 0x1e, 0x1b,
	0xff, 0x21, 0x1c, 0x18, 0xff, 0x21, 0x1d, 0x17, 0xff, 0x21, 0x1c, 0x17, 0xff, 0x21, 0x1b, 0x16, 0xff,
	0x21, 0x1b, 0x17, 0xff, 0x21, 0x1b, 0x17, 0xff, 0x21, 0x1b, 0x17, 0xff, 0x20, 0x1b, 0x16, 0xff, 0x20,
	0x1b, 0x16, 0xff, 0x21, 0x1d, 0x17, 0xff, 0x11, 0x34, 0x0d, 0xff, 0x35, 0x33, 0x29, 0xff, 0x47, 0x48,
	0x3b, 0xfc, 0x4c, 0x49, 0x43, 0xfb, 0x3b, 0x37, 0x2e, 0xff, 0x16, 0x37, 0x16, 0xff, 0x25, 0x20, 0x1b,
	0xff, 0x23, 0x1e, 0x1a, 0xff, 0x24, 0x20, 0x1b, 0xff, 0x22, 0x1e, 0x19, 0xff, 0x22, 0x1e, 0x19, 0xff,
	0x22, 0x1e, 0x19, 0xff, 0x22, 0x1d, 0x18, 0xff, 0x22, 0x1d, 0x18, 0xff, 0x22, 0x1d, 0x18, 0xff, 0x22,
	0x1d, 0x18, 0xff, 0x21, 0x1d, 0x18, 0xff, 0x21, 0x1d, 0x19, 0xff, 0x22, 0x1e, 0x19, 0xff, 0x23, 0x1f,
	0x1b, 0xff, 0x23, 0x1e, 0x1a, 0xff, 0x23, 0x1d, 0x18, 0xff, 0x23, 0x1d, 0x17, 0xff, 0x23, 0x1d, 0x18,
	0xff, 0x23, 0x1d, 0x18, 0xff, 0x23, 0x20, 0x17, 0xff, 0x22, 0x24, 0x16, 0xff, 0x21, 0x29, 0x16, 0xff,
	0x23, 0x31, 0x17, 0xff, 0x27, 0x44, 0x1a, 0xff, 0x2b, 0x88, 0x15, 0xff, 0x8d, 0xef, 0x82, 0xff, 0x6c,
	0xdf, 0x5e, 0xff, 0x28, 0x62, 0x19, 0xff, 0x25, 0x44, 0x16, 0xff, 0x26, 0x46, 0x17, 0xff, 0x27, 0x74,
	0x15, 0xff, 0x79, 0xe9, 0x6d, 0xff, 0x6b, 0xe0, 0x5e, 0xff, 0x27, 0x6f, 0x18, 0xff, 0x23, 0x3d, 0x17,
	0xff, 0x21, 0x2e, 0x15, 0xff, 0x22, 0x27, 0x19, 0xff, 0x21, 0x1f, 0x17, 0xff, 0x21, 0x1d, 0x16, 0xff,
	0x21, 0x1c, 0x17, 0xff, 0x21, 0x1c, 0x18, 0xff, 0x21, 0x1d, 0x18, 0xff, 0x21, 0x1d, 0x19, 0xff, 0x22,
	0x1d, 0x18, 0xff, 0x21, 0x1d, 0x18, 0xff, 0x21, 0x1d, 0x18, 0xff, 0x21, 0x1d, 0x18, 0xff, 0x21, 0x1d,
	0x1a, 0xff, 0x22, 0x1d, 0x19, 0xff, 0x21, 0x1d, 0x18, 0xff, 0x21, 0x1d, 0x18, 0xff, 0x29, 0x24, 0x20,
	0xff, 0x22, 0x1c, 0x18, 0xff, 0x22, 0x1c, 0x18, 0xff, 0x21, 0x1c, 0x19, 0xff, 0x22, 0x1c, 0x19, 0xff,
	0x22, 0x1c, 0x18, 0xff, 0x22, 0x1e, 0x19, 0xff, 0x11, 0x30, 0x0d, 0xff, 0x38, 0x35, 0x2c, 0xff, 0x4a,
	0x4a, 0x3d, 0xfc, 0x4f, 0x4d, 0x46, 0xfc, 0x3e, 0x3a, 0x30, 0xff, 0x14, 0x34, 0x13, 0xff, 0x25, 0x20,
	0x1b, 0xff, 0x22, 0x1d, 0x19, 0xff, 0x23, 0x1e, 0x1a, 0xff, 0x23, 0x1e, 0x19, 0xff, 0x23, 0x1e, 0x19,
	0xff, 0x23, 0x1e, 0x19, 0xff, 0x23, 0x1e, 0x19, 0xff, 0x23, 0x1e, 0x19, 0xff, 0x23, 0x1e, 0x19, 0xff,
	0x23, 0x1e, 0x19, 0xff, 0x22, 0x1e, 0x19, 0xff, 0x23, 0x1f, 0x1b, 0xff, 0x23, 0x1e, 0x19, 0xff, 0x23,
	0x1e, 0x19, 0xff, 0x22, 0x1e, 0x19, 0xff, 0x23, 0x1e, 0x19, 0xff, 0x24, 0x1e, 0x19, 0xff, 0x24, 0x1e,
	0x19, 0xff, 0x25, 0x20, 0x1c, 0xff, 0x22, 0x20, 0x17, 0xff, 0x22, 0x25, 0x16, 0xff, 0x22, 0x29, 0x17,
	0xff, 0x24, 0x33, 0x18, 0xff, 0x28, 0x48, 0x1b, 0xff, 0x2b, 0x8c, 0x13, 0xff, 0x8c, 0xef, 0x82, 0xff,
	0x6d, 0xe1, 0x5e, 0xff, 0x28, 0x64, 0x1a, 0xff, 0x25, 0x45, 0x15, 0xff, 0x26, 0x46, 0x17, 0xff, 0x28,
	0x74, 0x16, 0xff, 0x79, 0xe9, 0x6d, 0xff, 0x6b, 0xe1, 0x5e, 0xff, 0x28, 0x6f, 0x19, 0xff, 0x25, 0x3e,
	0x18, 0xff, 0x22, 0x2f, 0x16, 0xff, 0x21, 0x26, 0x16, 0xff, 0x22, 0x20, 0x16, 0xff, 0x22, 0x1e, 0x18,
	0xff, 0x21, 0x1d, 0x17, 0xff, 0x22, 0x1d, 0x18, 0xff, 0x21, 0x1d, 0x18, 0xff, 0x24, 0x1f, 0x1d, 0xff,
	0x24, 0x20, 0x1c, 0xff, 0x22, 0x1e, 0x19, 0xff, 0x22, 0x1d, 0x18, 0xff, 0x22, 0x1e, 0x18, 0xff, 0x22,
	0x1e, 0x19, 0xff, 0x23, 0x1f, 0x1a, 0xff, 0x22, 0x1e, 0x19, 0xff, 0x23, 0x1f, 0x1b, 0xff, 0x24, 0x20,
	0x1c, 0xff, 0x22, 0x1d, 0x19, 0xff, 0x22, 0x1e, 0x19, 0xff, 0x23, 0x1e, 0x1a, 0xff, 0x26, 0x21, 0x1d,
	0xff, 0x22, 0x1e, 0x19, 0xff, 0x23, 0x1e, 0x19, 0xff, 0x11, 0x2b, 0x0d, 0xff, 0x3b, 0x38, 0x2f, 0xff,
	0x4c, 0x4c, 0x40, 0xfd, 0x53, 0x50, 0x48, 0xfc, 0x41, 0x3c, 0x32, 0xff, 0x14, 0x33, 0x13, 0xff, 0x26,
	0x21, 0x1c, 0xff, 0x23, 0x1e, 0x19, 0xff, 0x23, 0x1e, 0x19, 0xff, 0x23, 0x1f, 0x19, 0xff, 0x24, 0x1f,
	0x19, 0xff, 0x24, 0x1f, 0x1a, 0xff, 0x24, 0x1f, 0x1a, 0xff, 0x24, 0x1f, 0x1a, 0xff, 0x24, 0x1f, 0x19,
	0xff, 0x24, 0x1f, 0x19, 0xff, 0x24, 0x1f, 0x19, 0xff, 0x24, 0x1f, 0x19, 0xff, 0x24, 0x1f, 0x19, 0xff,
	0x24, 0x1f, 0x19, 0xff, 0x24, 0x1f, 0x19, 0xff, 0x25, 0x20, 0x1b, 0xff, 0x25, 0x1f, 0x19, 0xff, 0x25,
	0x1f, 0x1a, 0xff, 0x24, 0x20, 0x19, 0xff, 0x23, 0x22, 0x17, 0xff, 0x23, 0x26, 0x17, 0xff, 0x24, 0x2b,
	0x18, 0xff, 0x25, 0x34, 0x1a, 0xff, 0x2a, 0x4d, 0x1e, 0xff, 0x2b, 0x90, 0x13, 0xff, 0x8e, 0xf0, 0x82,
	0xff, 0x70, 0xe3, 0x61, 0xff, 0x28, 0x67, 0x1a, 0xff, 0x26, 0x48, 0x16, 0xff, 0x27, 0x48, 0x17, 0xff,
	0x28, 0x77, 0x16, 0xff, 0x7a, 0xeb, 0x6e, 0xff, 0x6e, 0xe6, 0x60, 0xff, 0x2a, 0x73, 0x1d, 0xff, 0x26,
	0x3f, 0x1a, 0xff, 0x24, 0x31, 0x16, 0xff, 0x23, 0x28, 0x16, 0xff, 0x23, 0x22, 0x16, 0xff, 0x22, 0x1f,
	0x16, 0xff, 0x22, 0x1e, 0x17, 0xff, 0x22, 0x1e, 0x17, 0xff, 0x23, 0x1e, 0x18, 0xff, 0x22, 0x1e, 0x19,
	0xff, 0x23, 0x1e, 0x19, 0xff, 0x23, 0x1e, 0x19, 0xff, 0x22, 0x1e, 0x19, 0xff, 0x23, 0x1e, 0x19, 0xff,
	0x23, 0x1e, 0x19, 0xff, 0x23, 0x1e, 0x19, 0xff, 0x23, 0x1e, 0x1a, 0xff, 0x25, 0x21, 0x1c, 0xff, 0x23,
	0x1e, 0x19, 0xff, 0x23, 0x1e, 0x19, 0xff, 0x23, 0x1f, 0x19, 0xff, 0x23, 0x1f, 0x19, 0xff, 0x23, 0x1f,
	0x19, 0xff, 0x23, 0x1e, 0x19, 0xff, 0x24, 0x20, 0x1a, 0xff, 0x11, 0x29, 0x0d, 0xff, 0x3e, 0x3b, 0x32,
	0xff, 0x4f, 0x4f, 0x43, 0xfd, 0x54, 0x51, 0x48, 0xfc, 0x44, 0x3e, 0x33, 0xff, 0x14, 0x31, 0x12, 0xff,
	0x27, 0x22, 0x1d, 0xff, 0x24, 0x1f, 0x1a, 0xff, 0x24, 0x1f, 0x19, 0xff, 0x25, 0x1f, 0x19, 0xff, 0x25,
	0x1f, 0x19, 0xff, 0x24, 0x1f, 0x1b, 0xff, 0x28, 0x23, 0x1e, 0xff, 0x25, 0x20, 0x19, 0xff, 0x25, 0x21,
	0x19, 0xff, 0x26, 0x22, 0x19, 0xff, 0x26, 0x22, 0x19, 0xff, 0x26, 0x22, 0x19, 0xff, 0x26, 0x22, 0x19,
	0xff, 0x25, 0x23, 0x18, 0xff, 0x25, 0x23, 0x19, 0xff, 0x25, 0x22, 0x19, 0xff, 0x25, 0x23, 0x18, 0xff,
	0x25, 0x23, 0x1a, 0xff, 0x24, 0x24, 0x18, 0xff, 0x25, 0x26, 0x18, 0xff, 0x25, 0x29, 0x18, 0xff, 0x25,
	0x2f, 0x19, 0xff, 0x27, 0x39, 0x1b, 0xff, 0x29, 0x4f, 0x1d, 0xff, 0x2c, 0x91, 0x15, 0xff, 0x8d, 0xf1,
	0x83, 0xff, 0x71, 0xe6, 0x61, 0xff, 0x29, 0x6c, 0x1b, 0xff, 0x26, 0x4b, 0x17, 0xff, 0x27, 0x4b, 0x18,
	0xff, 0x28, 0x7d, 0x16, 0xff, 0x7c, 0xee, 0x72, 0xff, 0x6f, 0xe8, 0x60, 0xff, 0x2b, 0x79, 0x1e, 0xff,
	0x27, 0x42, 0x1a, 0xff, 0x25, 0x33, 0x17, 0xff, 0x24, 0x2a, 0x17, 0xff, 0x24, 0x24, 0x16, 0xff, 0x23,
	0x21, 0x16, 0xff, 0x23, 0x20, 0x17, 0xff, 0x23, 0x1f, 0x17, 0xff, 0x23, 0x1f, 0x17, 0xff, 0x23, 0x1f,
	0x18, 0xff, 0x23, 0x1f, 0x19, 0xff, 0x24, 0x1f, 0x1a, 0xff, 0x23, 0x1e, 0x19, 0xff, 0x23, 0x1e, 0x19,
	0xff, 0x23, 0x1e, 0x19, 0xff, 0x23, 0x1f, 0x19, 0xff, 0x24, 0x1f, 0x19, 0xff, 0x24, 0x1f, 0x1a, 0xff,
	0x24, 0x1f, 0x19, 0xff, 0x24, 0x1f, 0x19, 0xff, 0x24, 0x1f, 0x19, 0xff, 0x24, 0x1f, 0x19, 0xff, 0x23,
	0x1f, 0x19, 0xff, 0x23, 0x1f, 0x19, 0xff, 0x25, 0x20, 0x1a, 0xff, 0x12, 0x29, 0x0e, 0xff, 0x40, 0x3d,
	0x34, 0xff, 0x52, 0x51, 0x45, 0xfd, 0x55, 0x52, 0x47, 0xfb, 0x45, 0x3f, 0x34, 0xff, 0x14, 0x2f, 0x11,
	0xff, 0x2a, 0x24, 0x1e, 0xff, 0x26, 0x20, 0x1b, 0xff, 0x35, 0x2f, 0x2b, 0xff, 0x26, 0x1f, 0x1a, 0xff,
	0x26, 0x1f, 0x19, 0xff, 0x26, 0x20, 0x1a, 0xff, 0x26, 0x21, 0x1a, 0xff, 0x26, 0x22, 0x1a, 0xff, 0x27,
	0x25, 0x1a, 0xff, 0x27, 0x26, 0x1a, 0xff, 0x27, 0x27, 0x1a, 0xff, 0x27, 0x27, 0x1b, 0xff, 0x27, 0x28,
	0x1a, 0xff, 0x27, 0x29, 0x1a, 0xff, 0x26, 0x29, 0x19, 0xff, 0x26, 0x29, 0x19, 0xff, 0x26, 0x29, 0x18,
	0xff, 0x26, 0x28, 0x18, 0xff, 0x26, 0x29, 0x1a, 0xff, 0x25, 0x2b, 0x19, 0xff, 0x26, 0x2e, 0x1a, 0xff,
	0x27, 0x35, 0x1a, 0xff, 0x28, 0x40, 0x1b, 0xff, 0x2b, 0x53, 0x1d, 0xff, 0x2d, 0x94, 0x16, 0xff, 0x8e,
	0xf2, 0x84, 0xff, 0x71, 0xe8, 0x62, 0xff, 0x2a, 0x70, 0x1c, 0xff, 0x27, 0x4e, 0x18, 0xff, 0x28, 0x4f,
	0x19, 0xff, 0x29, 0x80, 0x16, 0xff, 0x7e, 0xef, 0x74, 0xff, 0x70, 0xe8, 0x62, 0xff, 0x2c, 0x7d, 0x1c,
	0xff, 0x28, 0x46, 0x1b, 0xff, 0x26, 0x37, 0x19, 0xff, 0x25, 0x2e, 0x17, 0xff, 0x24, 0x28, 0x17, 0xff,
	0x24, 0x26, 0x16, 0xff, 0x24, 0x25, 0x17, 0xff, 0x24, 0x24, 0x17, 0xff, 0x24, 0x24, 0x17, 0xff, 0x24,
	0x23, 0x17, 0xff, 0x24, 0x21, 0x19, 0xff, 0x30, 0x2d, 0x27, 0xff, 0x25, 0x21, 0x1b, 0xff, 0x24, 0x1f,
	0x1a, 0xff, 0x29, 0x24, 0x20, 0xff, 0x25, 0x1f, 0x19, 0xff, 0x25, 0x1f, 0x19, 0xff, 0x25, 0x1f, 0x19,
	0xff, 0x24, 0x1f, 0x19, 0xff, 0x24, 0x1f, 0x18, 0xff, 0x24, 0x1f, 0x18, 0xff, 0x24, 0x1f, 0x18, 0xff,
	0x24, 0x1f, 0x19, 0xff, 0x24, 0x1f, 0x19, 0xff, 0x26, 0x21, 0x1a, 0xff, 0x12, 0x28, 0x0e, 0xff, 0x43,
	0x40, 0x35, 0xff, 0x54, 0x54, 0x47, 0xfd, 0x57, 0x54, 0x49, 0xfc, 0x47, 0x42, 0x36, 0xff, 0x14, 0x2d,
	0x10, 0xff, 0x2b, 0x26, 0x1e, 0xff, 0x28, 0x22, 0x1b, 0xff, 0x27, 0x21, 0x1b, 0xff, 0x27, 0x20, 0x1a,
	0xff, 0x27, 0x20, 0x19, 0xff, 0x26, 0x20, 0x1a, 0xff, 0x26, 0x22, 0x1a, 0xff, 0x26, 0x25, 0x1a, 0xff,
	0x29, 0x2b, 0x1e, 0xff, 0x27, 0x2c, 0x1c, 0xff, 0x27, 0x2f, 0x1b, 0xff, 0x2e, 0x38, 0x24, 0xff, 0x28,
	0x32, 0x1d, 0xff, 0x28, 0x32, 0x1c, 0xff, 0x27, 0x33, 0x19, 0xff, 0x27, 0x33, 0x19, 0xff, 0x27, 0x32,
	0x1a, 0xff, 0x27, 0x32, 0x1a, 0xff, 0x27, 0x33, 0x1a, 0xff, 0x27, 0x35, 0x19, 0xff, 0x27, 0x36, 0x1b,
	0xff, 0x2b, 0x3f, 0x21, 0xff, 0x28, 0x45, 0x1b, 0xff, 0x2b, 0x59, 0x1c, 0xff, 0x2e, 0x99, 0x16, 0xff,
	0x90, 0xf3, 0x85, 0xff, 0x73, 0xe8, 0x64, 0xff, 0x2b, 0x74, 0x1b, 0xff, 0x28, 0x51, 0x18, 0xff, 0x28,
	0x52, 0x19, 0xff, 0x2a, 0x83, 0x16, 0xff, 0x81, 0xef, 0x76, 0xff, 0x72, 0xe9, 0x64, 0xff, 0x2d, 0x83,
	0x1c, 0xff, 0x29, 0x4f, 0x1a, 0xff, 0x27, 0x3e, 0x19, 0xff, 0x26, 0x35, 0x17, 0xff, 0x25, 0x2f, 0x17,
	0xff, 0x25, 0x2c, 0x17, 0xff, 0x25, 0x2b, 0x18, 0xff, 0x25, 0x2a, 0x18, 0xff, 0x26, 0x29, 0x18, 0xff,
	0x26, 0x28, 0x18, 0xff, 0x26, 0x27, 0x19, 0xff, 0x26, 0x25, 0x1a, 0xff, 0x25, 0x22, 0x19, 0xff, 0x25,
	0x21, 0x19, 0xff, 0x26, 0x20, 0x19, 0xff, 0x26, 0x1f, 0x19, 0xff, 0x26, 0x1f, 0x19, 0xff, 0x25, 0x1f,
	0x18, 0xff, 0x25, 0x1f, 0x18, 0xff, 0x25, 0x1f, 0x18, 0xff, 0x25, 0x1f, 0x18, 0xff, 0x26, 0x1f, 0x19,
	0xff, 0x2a, 0x24, 0x20, 0xff, 0x26, 0x20, 0x1a, 0xff, 0x29, 0x23, 0x1d, 0xff, 0x13, 0x26, 0x0e, 0xff,
	0x44, 0x41, 0x36, 0xff, 0x56, 0x55, 0x48, 0xfd, 0x5b, 0x57, 0x4d, 0xfc, 0x4b, 0x45, 0x39, 0xff, 0x14,
	0x2a, 0x0f, 0xff, 0x2c, 0x26, 0x1e, 0xff, 0x28, 0x22, 0x1b, 0xff, 0x28, 0x21, 0x1a, 0xff, 0x27, 0x21,
	0x1a, 0xff, 0x27, 0x20, 0x1a, 0xff, 0x2e, 0x2a, 0x23, 0xff, 0x27, 0x26, 0x1b, 0xff, 0x27, 0x29, 0x1b,
	0xff, 0x27, 0x2e, 0x1c, 0xff, 0x2a, 0x39, 0x1e, 0xff, 0x29, 0x3a, 0x1e, 0xff, 0x29, 0x3d, 0x1e, 0xff,
	0x2c, 0x42, 0x22, 0xff, 0x2a, 0x42, 0x1e, 0xff, 0x2a, 0x44, 0x1c, 0xff, 0x2a, 0x44, 0x1b, 0xff, 0x2a,
	0x43, 0x1b, 0xff, 0x29, 0x43, 0x1c, 0xff, 0x29, 0x42, 0x1c, 0xff, 0x29, 0x42, 0x1c, 0xff, 0x29, 0x41,
	0x1c, 0xff, 0x29, 0x44, 0x1c, 0xff, 0x2a, 0x4e, 0x1c, 0xff, 0x2d, 0x61, 0x1d, 0xff, 0x2f, 0x9f, 0x17,
	0xff, 0x92, 0xf4, 0x88, 0xff, 0x75, 0xe8, 0x67, 0xff, 0x2c, 0x76, 0x1d, 0xff, 0x2a, 0x54, 0x19, 0xff,
	0x2a, 0x53, 0x1a, 0xff, 0x2b, 0x86, 0x17, 0xff, 0x82, 0xef, 0x78, 0xff, 0x74, 0xea, 0x65, 0xff, 0x2e,
	0x8a, 0x1e, 0xff, 0x2b, 0x58, 0x1b, 0xff, 0x28, 0x48, 0x19, 0xff, 0x27, 0x3f, 0x19, 0xff, 0x27, 0x3b,
	0x18, 0xff, 0x27, 0x38, 0x19, 0xff, 0x27, 0x36, 0x1a, 0xff, 0x27, 0x33, 0x1b, 0xff, 0x27, 0x32, 0x1a,
	0xff, 0x27, 0x30, 0x19, 0xff, 0x27, 0x2d, 0x1a, 0xff, 0x27, 0x29, 0x1a, 0xff, 0x26, 0x26, 0x19, 0xff,
	0x26, 0x23, 0x19, 0xff, 0x26, 0x21, 0x19, 0xff, 0x26, 0x20, 0x19, 0xff, 0x27, 0x20, 0x19, 0xff, 0x26,
	0x20, 0x19, 0xff, 0x26, 0x1f, 0x18, 0xff, 0x27, 0x20, 0x19, 0xff, 0x26, 0x20, 0x19, 0xff, 0x27, 0x20,
	0x1a, 0xff, 0x27, 0x20, 0x1b, 0xff, 0x27, 0x21, 0x1a, 0xff, 0x28, 0x22, 0x1b, 0xff, 0x14, 0x23, 0x0f,
	0xff, 0x46, 0x44, 0x38, 0xff, 0x58, 0x57, 0x4a, 0xfd, 0x5e, 0x59, 0x4f, 0xfc, 0x4d, 0x47, 0x3b, 0xff,
	0x15, 0x27, 0x0f, 0xff, 0x2c, 0x26, 0x1e, 0xff, 0x28, 0x22, 0x1a, 0xff, 0x28, 0x21, 0x1a, 0xff, 0x28,
	0x21, 0x1a, 0xff, 0x28, 0x22, 0x1b, 0xff, 0x28, 0x25, 0x1d, 0xff, 0x29, 0x29, 0x1c, 0xff, 0x28, 0x2e,
	0x1c, 0xff, 0x29, 0x34, 0x1d, 0xff, 0x2c, 0x43, 0x1f, 0xff, 0x2a, 0x65, 0x18, 0xff, 0x2d, 0x5c, 0x20,
	0xff, 0x2d, 0x68, 0x1e, 0xff, 0x2d, 0x6b, 0x1d, 0xff, 0x2e, 0x6d, 0x1c, 0xff, 0x2d, 0x6f, 0x1a, 0xff,
	0x2c, 0x69, 0x19, 0xff, 0x2c, 0x60, 0x1c, 0xff, 0x2c, 0x5c, 0x1c, 0xff, 0x2c, 0x57, 0x1d, 0xff, 0x2c,
	0x56, 0x1d, 0xff, 0x2c, 0x5a, 0x1d, 0xff, 0x2d, 0x62, 0x1e, 0xff, 0x2f, 0x72, 0x1f, 0xff, 0x32, 0xa6,
	0x19, 0xff, 0x91, 0xf5, 0x84, 0xff, 0x75, 0xe8, 0x68, 0xff, 0x2e, 0x7a, 0x1e, 0xff, 0x2b, 0x56, 0x1a,
	0xff, 0x2b, 0x56, 0x1b, 0xff, 0x2c, 0x87, 0x18, 0xff, 0x82, 0xef, 0x78, 0xff, 0x73, 0xed, 0x64, 0xff,
	0x2f, 0x92, 0x21, 0xff, 0x2d, 0x6a, 0x1d, 0xff, 0x2b, 0x5e, 0x1b, 0xff, 0x2a, 0x57, 0x1a, 0xff, 0x29,
	0x52, 0x1b, 0xff, 0x29, 0x50, 0x1c, 0xff, 0x29, 0x4f, 0x1b, 0xff, 0x2e, 0x50, 0x22, 0xff, 0x28, 0x45,
	0x1c, 0xff, 0x28, 0x3e, 0x1b, 0xff, 0x27, 0x37, 0x19, 0xff, 0x27, 0x2f, 0x19, 0xff, 0x27, 0x2a, 0x19,
	0xff, 0x27, 0x26, 0x19, 0xff, 0x27, 0x24, 0x19, 0xff, 0x27, 0x22, 0x19, 0xff, 0x27, 0x20, 0x19, 0xff,
	0x27, 0x20, 0x19, 0xff, 0x27, 0x20, 0x19, 0xff, 0x27, 0x21, 0x19, 0xff, 0x28, 0x21, 0x1b, 0xff, 0x2c,
	0x25, 0x20, 0xff, 0x28, 0x21, 0x1b, 0xff, 0x28, 0x21, 0x1b, 0xff, 0x29, 0x23, 0x1c, 0xff, 0x15, 0x21,
	0x10, 0xff, 0x48, 0x47, 0x3a, 0xff, 0x5b, 0x5a, 0x4c, 0xfd, 0x60, 0x5a, 0x51, 0xfc, 0x50, 0x49, 0x3c,
	0xff, 0x16, 0x25, 0x0f, 0xff, 0x2c, 0x26, 0x1e, 0xff, 0x28, 0x23, 0x1b, 0xff, 0x28, 0x23, 0x1b, 0xff,
	0x28, 0x23, 0x1b, 0xff, 0x29, 0x25, 0x1c, 0xff, 0x29, 0x27, 0x1d, 0xff, 0x2a, 0x2c, 0x1e, 0xff, 0x29,
	0x32, 0x1d, 0xff, 0x2a, 0x3a, 0x1d, 0xff, 0x2c, 0x50, 0x20, 0xff, 0x2f, 0xa1, 0x17, 0xff, 0x3c, 0xcf,
	0x30, 0xff, 0x3d, 0xd5, 0x31, 0xff, 0x3d, 0xd9, 0x32, 0xff, 0x38, 0xd1, 0x24, 0xff, 0x36, 0xca, 0x21,
	0xff, 0x32, 0xc1, 0x1b, 0xff, 0x2f, 0xb5, 0x19, 0xff, 0x31, 0xaf, 0x1d, 0xff, 0x2d, 0xae, 0x17, 0xff,
	0x2e, 0xaf, 0x16, 0xff, 0x2e, 0xb3, 0x15, 0xff, 0x2d, 0xb7, 0x13, 0xff, 0x2f, 0xbf, 0x15, 0xff, 0x32,
	0xd4, 0x18, 0xff, 0x8d, 0xf7, 0x7d, 0xff, 0x76, 0xe5, 0x67, 0xff, 0x2e, 0x75, 0x1e, 0xff, 0x2b, 0x56,
	0x1a, 0xff, 0x2c, 0x56, 0x1c, 0xff, 0x2d, 0x82, 0x19, 0xff, 0x80, 0xee, 0x76, 0xff, 0x75, 0xf5, 0x66,
	0xff, 0x2d, 0xd1, 0x17, 0xff, 0x2f, 0xba, 0x18, 0xff, 0x2f, 0xb6, 0x18, 0xff, 0x2e, 0xb4, 0x17, 0xff,
	0x2c, 0xaf, 0x15, 0xff, 0x2b, 0xa8, 0x14, 0xff, 0x2b, 0xa6, 0x13, 0xff, 0x2a, 0xa3, 0x14, 0xff, 0x2a,
	0x8f, 0x18, 0xff, 0x2b, 0x5f, 0x1d, 0xff, 0x28, 0x44, 0x1c, 0xff, 0x27, 0x38, 0x1a, 0xff, 0x27, 0x30,
	0x1a, 0xff, 0x28, 0x2a, 0x1a, 0xff, 0x28, 0x27, 0x1a, 0xff, 0x27, 0x24, 0x1a, 0xff, 0x2a, 0x25, 0x1e,
	0xff, 0x27, 0x22, 0x1a, 0xff, 0x28, 0x21, 0x1a, 0xff, 0x28, 0x22, 0x1a, 0xff, 0x28, 0x22, 0x1a, 0xff,
	0x28, 0x21, 0x1b, 0xff, 0x28, 0x22, 0x1b, 0xff, 0x28, 0x22, 0x1b, 0xff, 0x29, 0x24, 0x1d, 0xff, 0x16,
	0x21, 0x10, 0xff, 0x4a, 0x49, 0x3b, 0xff, 0x5c, 0x5b, 0x4e, 0xfd, 0x63, 0x5d, 0x53, 0xfc, 0x52, 0x4b,
	0x3e, 0xff, 0x18, 0x22, 0x11, 0xff, 0x2d, 0x27, 0x1f, 0xff, 0x2a, 0x24, 0x1c, 0xff, 0x2a, 0x24, 0x1c,
	0xff, 0x29, 0x24, 0x1c, 0xff, 0x29, 0x25, 0x1d, 0xff, 0x29, 0x28, 0x1d, 0xff, 0x2a, 0x2c, 0x1d, 0xff,
	0x2a, 0x35, 0x1e, 0xff, 0x28, 0x50, 0x1d, 0xff, 0x29, 0x7d, 0x1b, 0xff, 0x3b, 0xe7, 0x2e, 0xff, 0xd1,
	0xfe, 0xd3, 0xff, 0xd8, 0xfe, 0xdc, 0xff, 0xd5, 0xfd, 0xd7, 0xff, 0xcf, 0xfc, 0xce, 0xff, 0xcb, 0xfb,
	0xc8, 0xff, 0xc5, 0xfb, 0xc1, 0xff, 0xc3, 0xfa, 0xbd, 0xff, 0xc4, 0xf9, 0xbe, 0xff, 0xc3, 0xf9, 0xbb,
	0xff, 0xc5, 0xf9, 0xbd, 0xff, 0xc5, 0xf9, 0xbf, 0xff, 0xc6, 0xf9, 0xbf, 0xff, 0xc5, 0xfa, 0xbf, 0xff,
	0xc4, 0xfb, 0xbe, 0xff, 0xdb, 0xfc, 0xd8, 0xff, 0x6a, 0xd5, 0x5c, 0xff, 0x2f, 0x65, 0x1f, 0xff, 0x2c,
	0x50, 0x1b, 0xff, 0x2d, 0x51, 0x1c, 0xff, 0x30, 0x70, 0x1e, 0xff, 0x76, 0xe2, 0x6a, 0xff, 0xd7, 0xfb,
	0xd2, 0xff, 0xc3, 0xfb, 0xbd, 0xff, 0xc6, 0xfa, 0xbf, 0xff, 0xc7, 0xfa, 0xc1, 0xff, 0xc8, 0xfa, 0xc2,
	0xff, 0xc6, 0xf9, 0xc0, 0xff, 0xc4, 0xf9, 0xbe, 0xff, 0xc4, 0xf8, 0xbd, 0xff, 0xc1, 0xf8, 0xbb, 0xff,
	0xb1, 0xf6, 0xac, 0xff, 0x38, 0xc1, 0x2f, 0xff, 0x2c, 0x68, 0x1d, 0xff, 0x2a, 0x46, 0x1d, 0xff, 0x28,
	0x3a, 0x1b, 0xff, 0x28, 0x31, 0x1c, 0xff, 0x28, 0x2c, 0x1b, 0xff, 0x28, 0x29, 0x1b, 0xff, 0x28, 0x26,
	0x1c, 0xff, 0x28, 0x24, 0x1b, 0xff, 0x2a, 0x24, 0x1e, 0xff, 0x28, 0x22, 0x1b, 0xff, 0x28, 0x22, 0x1a,
	0xff, 0x29, 0x22, 0x1d, 0xff, 0x28, 0x22, 0x1b, 0xff, 0x28, 0x22, 0x1b, 0xff, 0x2a, 0x24, 0x1d, 0xff,
	0x17, 0x20, 0x10, 0xff, 0x4c, 0x4c, 0x3d, 0xff, 0x5e, 0x5d, 0x4f, 0xfd, 0x66, 0x60, 0x56, 0xfc, 0x54,
	0x4e, 0x41, 0xff, 0x1a, 0x20, 0x12, 0xff, 0x2e, 0x28, 0x20, 0xff, 0x2a, 0x24, 0x1c, 0xff, 0x2a, 0x25,
	0x1c, 0xff, 0x2a, 0x25, 0x1d, 0xff, 0x2a, 0x26, 0x1d, 0xff, 0x2b, 0x28, 0x1e, 0xff, 0x29, 0x29, 0x1d,
	0xff, 0x2a, 0x2e, 0x1f, 0xff, 0x34, 0x44, 0x29, 0xff, 0x30, 0x54, 0x23, 0xff, 0x3b, 0xbb, 0x30, 0xff,
	0x8f, 0xfc, 0x97, 0xff, 0xe1, 0xfe, 0xe3, 0xff, 0x5f, 0xfa, 0x61, 0xff, 0x40, 0xe5, 0x36, 0xff, 0x39,
	0xd1, 0x28, 0xff, 0x38, 0xc8, 0x23, 0xff, 0x37, 0xca, 0x1f, 0xff, 0x38, 0xce, 0x20, 0xff, 0x38, 0xcd,
	0x1f, 0xff, 0x37, 0xcd, 0x1c, 0xff, 0x34, 0xcc, 0x1a, 0xff, 0x32, 0xca, 0x1a, 0xff, 0x32, 0xca, 0x1b,
	0xff, 0x30, 0xcb, 0x1b, 0xff, 0x30, 0xc3, 0x1e, 0xff, 0x30, 0x91, 0x1c, 0xff, 0x2f, 0x59, 0x1e, 0xff,
	0x2c, 0x4c, 0x1c, 0xff, 0x2c, 0x4b, 0x1c, 0xff, 0x2f, 0x59, 0x20, 0xff, 0x2e, 0x91, 0x1e, 0xff, 0x34,
	0xc4, 0x26, 0xff, 0x31, 0xd0, 0x1b, 0xff, 0x33, 0xcd, 0x1c, 0xff, 0x33, 0xd0, 0x1d, 0xff, 0x35, 0xcf,
	0x21, 0xff, 0x36, 0xcc, 0x1f, 0xff, 0x37, 0xcc, 0x21, 0xff, 0x35, 0xcb, 0x1e, 0xff, 0x32, 0xd1, 0x1f,
	0xff, 0x5a, 0xef, 0x59, 0xff, 0xbd, 0xf8, 0xbc, 0xff, 0x2f, 0xba, 0x22, 0xff, 0x2d, 0x67, 0x1e, 0xff,
	0x2b, 0x4b, 0x1e, 0xff, 0x2b, 0x3d, 0x1e, 0xff, 0x2a, 0x33, 0x1e, 0xff, 0x29, 0x2e, 0x1d, 0xff, 0x29,
	0x29, 0x1b, 0xff, 0x28, 0x26, 0x1c, 0xff, 0x28, 0x24, 0x1d, 0xff, 0x28, 0x23, 0x1c, 0xff, 0x28, 0x23,
	0x1b, 0xff, 0x29, 0x23, 0x1b, 0xff, 0x29, 0x23, 0x1c, 0xff, 0x29, 0x24, 0x1d, 0xff, 0x2b, 0x26, 0x1e,
	0xff, 0x16, 0x20, 0x0f, 0xff, 0x4f, 0x4e, 0x3f, 0xff, 0x61, 0x5f, 0x52, 0xfd, 0x68, 0x62, 0x58, 0xfc,
	0x56, 0x51, 0x44, 0xff, 0x1b, 0x1f, 0x13, 0xff, 0x2f, 0x29, 0x20, 0xff, 0x2b, 0x25, 0x1d, 0xff, 0x2b,
	0x25, 0x1d, 0xff, 0x2c, 0x26, 0x1f, 0xff, 0x2b, 0x26, 0x1e, 0xff, 0x2b, 0x27, 0x1e, 0xff, 0x2b, 0x29,
	0x1e, 0xff, 0x2c, 0x2e, 0x1f, 0xff, 0x2c, 0x39, 0x1f, 0xff, 0x2e, 0x48, 0x22, 0xff, 0x33, 0x72, 0x23,
	0xff, 0x3a, 0xc7, 0x2d, 0xff, 0x9d, 0xf9, 0x9b, 0xff, 0x91, 0xf9, 0x88, 0xff, 0x39, 0xc4, 0x2a, 0xff,
	0x36, 0x85, 0x25, 0xff, 0x35, 0x74, 0x23, 0xff, 0x35, 0x71, 0x22, 0xff, 0x34, 0x6f, 0x21, 0xff, 0x33,
	0x6d, 0x20, 0xff, 0x33, 0x6e, 0x1f, 0xff, 0x32, 0x6c, 0x1f, 0xff, 0x32, 0x6b, 0x1f, 0xff, 0x31, 0x69,
	0x1f, 0xff, 0x31, 0x68, 0x1f, 0xff, 0x31, 0x64, 0x1f, 0xff, 0x30, 0x5a, 0x1f, 0xff, 0x2e, 0x50, 0x1d,
	0xff, 0x2c, 0x4c, 0x1d, 0xff, 0x2c, 0x4b, 0x1d, 0xff, 0x2e, 0x50, 0x1f, 0xff, 0x30, 0x59, 0x21, 0xff,
	0x32, 0x65, 0x21, 0xff, 0x33, 0x6d, 0x23, 0xff, 0x32, 0x6f, 0x20, 0xff, 0x32, 0x71, 0x1f, 0xff, 0x32,
	0x70, 0x20, 0xff, 0x32, 0x6f, 0x20, 0xff, 0x32, 0x6f, 0x21, 0xff, 0x31, 0x6f, 0x20, 0xff, 0x31, 0x7b,
	0x1f, 0xff, 0x32, 0xae, 0x1e, 0xff, 0x78, 0xf2, 0x75, 0xff, 0xa0, 0xf6, 0x9d, 0xff, 0x32, 0xb8, 0x22,
	0xff, 0x30, 0x71, 0x20, 0xff, 0x2e, 0x51, 0x22, 0xff, 0x2c, 0x40, 0x21, 0xff, 0x2a, 0x34, 0x1d, 0xff,
	0x29, 0x2c, 0x1d, 0xff, 0x29, 0x28, 0x1c, 0xff, 0x28, 0x25, 0x1b, 0xff, 0x29, 0x24, 0x1c, 0xff, 0x29,
	0x23, 0x1b, 0xff, 0x29, 0x24, 0x1b, 0xff, 0x2a, 0x24, 0x1d, 0xff, 0x2a, 0x24, 0x1d, 0xff, 0x2b, 0x26,
	0x1f, 0xff, 0x15, 0x1f, 0x0e, 0xff, 0x52, 0x51, 0x42, 0xff, 0x63, 0x61, 0x53, 0xfd, 0x6a, 0x65, 0x5a,
	0xfd, 0x59, 0x53, 0x45, 0xff, 0x1b, 0x1e, 0x13, 0xff, 0x30, 0x2a, 0x21, 0xff, 0x2c, 0x26, 0x1e, 0xff,
	0x2c, 0x26, 0x1d, 0xff, 0x2c, 0x26, 0x1e, 0xff, 0x2c, 0x27, 0x1e, 0xff, 0x2c, 0x27, 0x1e, 0xff, 0x2d,
	0x29, 0x1f, 0xff, 0x2c, 0x2d, 0x1f, 0xff, 0x2c, 0x33, 0x1e, 0xff, 0x2d, 0x3e, 0x1f, 0xff, 0x30, 0x4d,
	0x23, 0xff, 0x33, 0x78, 0x23, 0xff, 0x37, 0xd0, 0x2b, 0xff, 0xbc, 0xfb, 0xb9, 0xff, 0x65, 0xec, 0x5a,
	0xff, 0x37, 0x9e, 0x28, 0xff, 0x34, 0x6b, 0x22, 0xff, 0x31, 0x5d, 0x20, 0xff, 0x31, 0x58, 0x1f, 0xff,
	0x30, 0x56, 0x1e, 0xff, 0x2f, 0x57, 0x1d, 0xff, 0x2f, 0x58, 0x1e, 0xff, 0x2f, 0x59, 0x1d, 0xff, 0x2f,
	0x59, 0x1d, 0xff, 0x2f, 0x58, 0x1c, 0xff, 0x2e, 0x57, 0x1c, 0xff, 0x2f, 0x54, 0x1d, 0xff, 0x2e, 0x51,
	0x1c, 0xff, 0x2f, 0x51, 0x1f, 0xff, 0x2e, 0x50, 0x1f, 0xff, 0x2e, 0x51, 0x21, 0xff, 0x2e, 0x53, 0x20,
	0xff, 0x2f, 0x55, 0x1e, 0xff, 0x30, 0x59, 0x1f, 0xff, 0x2f, 0x59, 0x1e, 0xff, 0x2f, 0x5a, 0x1e, 0xff,
	0x2f, 0x5a, 0x1d, 0xff, 0x2f, 0x5a, 0x1e, 0xff, 0x2f, 0x5a, 0x1e, 0xff, 0x2f, 0x5d, 0x1e, 0xff, 0x30,
	0x69, 0x20, 0xff, 0x37, 0x88, 0x25, 0xff, 0x37, 0xc9, 0x23, 0xff, 0xaf, 0xfb, 0xac, 0xff, 0x88, 0xf7,
	0x86, 0xff, 0x39, 0xc7, 0x29, 0xff, 0x32, 0x7a, 0x23, 0xff, 0x2e, 0x54, 0x20, 0xff, 0x2b, 0x3d, 0x1e,
	0xff, 0x29, 0x30, 0x1d, 0xff, 0x28, 0x29, 0x1d, 0xff, 0x29, 0x27, 0x1d, 0xff, 0x2a, 0x26, 0x1d, 0xff,
	0x2a, 0x25, 0x1d, 0xff, 0x2b, 0x25, 0x1d, 0xff, 0x2b, 0x26, 0x1e, 0xff, 0x2c, 0x26, 0x1e, 0xff, 0x2c,
	0x27, 0x1f, 0xff, 0x14, 0x1f, 0x0d, 0xff, 0x56, 0x53, 0x44, 0xff, 0x66, 0x64, 0x55, 0xfd, 0x6d, 0x67,
	0x5b, 0xfd, 0x5b, 0x56, 0x47, 0xff, 0x1b, 0x1e, 0x13, 0xff, 0x31, 0x2b, 0x22, 0xff, 0x2d, 0x27, 0x1f,
	0xff, 0x2d, 0x27, 0x1e, 0xff, 0x2d, 0x27, 0x1e, 0xff, 0x2e, 0x27, 0x1e, 0xff, 0x2e, 0x28, 0x1f, 0xff,
	0x2d, 0x29, 0x1f, 0xff, 0x2d, 0x2b, 0x1e, 0xff, 0x2d, 0x2f, 0x1e, 0xff, 0x2c, 0x36, 0x1e, 0xff, 0x2e,
	0x41, 0x21, 0xff, 0x31, 0x55, 0x24, 0xff, 0x37, 0x85, 0x23, 0xff, 0x4a, 0xdd, 0x3e, 0xff, 0xcd, 0xfc,
	0xc7, 0xff, 0x4a, 0xdc, 0x40, 0xff, 0x35, 0x8a, 0x23, 0xff, 0x33, 0x68, 0x22, 0xff, 0x32, 0x60, 0x21,
	0xff, 0x32, 0x5f, 0x1f, 0xff, 0x32, 0x60, 0x1f, 0xff, 0x32, 0x61, 0x1f, 0xff, 0x32, 0x61, 0x20, 0xff,
	0x31, 0x61, 0x1f, 0xff, 0x30, 0x62, 0x1e, 0xff, 0x31, 0x62, 0x1f, 0xff, 0x32, 0x61, 0x20, 0xff, 0x31,
	0x5f, 0x20, 0xff, 0x31, 0x5f, 0x1f, 0xff, 0x31, 0x60, 0x20, 0xff, 0x34, 0x66, 0x25, 0xff, 0x31, 0x62,
	0x23, 0xff, 0x31, 0x62, 0x21, 0xff, 0x31, 0x62, 0x20, 0xff, 0x30, 0x61, 0x20, 0xff, 0x30, 0x60, 0x21,
	0xff, 0x30, 0x60, 0x21, 0xff, 0x31, 0x61, 0x20, 0xff, 0x31, 0x65, 0x20, 0xff, 0x32, 0x6b, 0x22, 0xff,
	0x33, 0x7b, 0x22, 0xff, 0x35, 0x9b, 0x1e, 0xff, 0x38, 0xbf, 0x1d, 0xff, 0x4d, 0xe8, 0x3a, 0xff, 0xe5,
	0xfe, 0xe6, 0xff, 0x6f, 0xf7, 0x68, 0xff, 0x35, 0xbf, 0x24, 0xff, 0x31, 0x71, 0x22, 0xff, 0x2e, 0x48,
	0x22, 0xff, 0x2b, 0x35, 0x1f, 0xff, 0x29, 0x2c, 0x1f, 0xff, 0x2c, 0x2a, 0x21, 0xff, 0x2b, 0x27, 0x1e,
	0xff, 0x35, 0x2f, 0x28, 0xff, 0x2d, 0x27, 0x1f, 0xff, 0x2d, 0x27, 0x1f, 0xff, 0x2c, 0x27, 0x1f, 0xff,
	0x2d, 0x28, 0x1f, 0xff, 0x13, 0x1e, 0x0c, 0xff, 0x58, 0x55, 0x45, 0xff, 0x6a, 0x67, 0x57, 0xfd, 0x6e,
	0x69, 0x5c, 0xfd, 0x5d, 0x58, 0x48, 0xff, 0x1a, 0x1d, 0x12, 0xff, 0x31, 0x2b, 0x22, 0xff, 0x2e, 0x27,
	0x1f, 0xff, 0x2e, 0x28, 0x1f, 0xff, 0x2e, 0x27, 0x1f, 0xff, 0x2e, 0x27, 0x1f, 0xff, 0x2e, 0x28, 0x20,
	0xff, 0x2e, 0x28, 0x20, 0xff, 0x2d, 0x2a, 0x1f, 0xff, 0x2e, 0x2d, 0x1f, 0xff, 0x2d, 0x32, 0x1f, 0xff,
	0x2e, 0x3a, 0x1f, 0xff, 0x2f, 0x47, 0x21, 0xff, 0x33, 0x5b, 0x24, 0xff, 0x38, 0x92, 0x22, 0xff, 0x5b,
	0xe4, 0x4f, 0xff, 0xc1, 0xfa, 0xbd, 0xff, 0x34, 0xd9, 0x24, 0xff, 0x39, 0xb1, 0x1e, 0xff, 0x39, 0xab,
	0x1c, 0xff, 0x38, 0xad, 0x1c, 0xff, 0x39, 0xac, 0x1c, 0xff, 0x39, 0xac, 0x1c, 0xff, 0x38, 0xaa, 0x1d,
	0xff, 0x37, 0xab, 0x1b, 0xff, 0x37, 0xab, 0x1c, 0xff, 0x38, 0xab, 0x1c, 0xff, 0x38, 0xac, 0x1c, 0xff,
	0x37, 0xac, 0x1c, 0xff, 0x36, 0xac, 0x1b, 0xff, 0x36, 0xaf, 0x1c, 0xff, 0x38, 0xb5, 0x1f, 0xff, 0x3e,
	0xb8, 0x2b, 0xff, 0x36, 0xb4, 0x1f, 0xff, 0x36, 0xb0, 0x1f, 0xff, 0x35, 0xac, 0x1e, 0xff, 0x36, 0xaa,
	0x21, 0xff, 0x3a, 0xac, 0x25, 0xff, 0x37, 0xac, 0x20, 0xff, 0x38, 0xb0, 0x20, 0xff, 0x39, 0xb5, 0x21,
	0xff, 0x39, 0xbd, 0x23, 0xff, 0x3e, 0xd1, 0x2a, 0xff, 0x45, 0xec, 0x38, 0xff, 0x4a, 0xf3, 0x47, 0xff,
	0x8b, 0xfd, 0x96, 0xff, 0xe6, 0xfe, 0xea, 0xff, 0x64, 0xf6, 0x6f, 0xff, 0x34, 0xba, 0x1e, 0xff, 0x32,
	0x65, 0x24, 0xff, 0x2d, 0x3d, 0x22, 0xff, 0x2b, 0x30, 0x1f, 0xff, 0x2c, 0x2a, 0x1f, 0xff, 0x2d, 0x28,
	0x1f, 0xff, 0x2e, 0x27, 0x1f, 0xff, 0x2e, 0x27, 0x1f, 0xff, 0x2d, 0x27, 0x20, 0xff, 0x33, 0x2d, 0x26,
	0xff, 0x2e, 0x28, 0x20, 0xff, 0x11, 0x1c, 0x0b, 0xff, 0x5b, 0x56, 0x47, 0xff, 0x6b, 0x68, 0x58, 0xfd,
	0x70, 0x6a, 0x5e, 0xfc, 0x5e, 0x59, 0x4a, 0xff, 0x19, 0x1c, 0x11, 0xff, 0x33, 0x2c, 0x24, 0xff, 0x34,
	0x2e, 0x26, 0xff, 0x2f, 0x28, 0x20, 0xff, 0x2f, 0x28, 0x21, 0xff, 0x31, 0x2a, 0x23, 0xff, 0x2f, 0x28,
	0x21, 0xff, 0x32, 0x2b, 0x25, 0xff, 0x2f, 0x2a, 0x20, 0xff, 0x2f, 0x2b, 0x20, 0xff, 0x2f, 0x2f, 0x1f,
	0xff, 0x2e, 0x34, 0x20, 0xff, 0x2f, 0x3d, 0x20, 0xff, 0x30, 0x49, 0x22, 0xff, 0x33, 0x5d, 0x24, 0xff,
	0x35, 0x9a, 0x23, 0xff, 0x75, 0xe8, 0x6d, 0xff, 0xcb, 0xfc, 0xc9, 0xff, 0xbe, 0xfa, 0xb8, 0xff, 0xc2,
	0xfa, 0xbe, 0xff, 0xc2, 0xfa, 0xbe, 0xff, 0xc1, 0xfa, 0xbd, 0xff, 0xc1, 0xfa, 0xbc, 0xff, 0xc0, 0xf9,
	0xbb, 0xff, 0xc0, 0xf9, 0xbb, 0xff, 0xbf, 0xfa, 0xba, 0xff, 0xc0, 0xf9, 0xba, 0xff, 0xc0, 0xfa, 0xba,
	0xff, 0xc0, 0xfa, 0xba, 0xff, 0xbf, 0xfa, 0xb9, 0xff, 0xbd, 0xfa, 0xb7, 0xff, 0xbd, 0xfa, 0xb5, 0xff,
	0xbc, 0xfb, 0xb5, 0xff, 0xbe, 0xfb, 0xb8, 0xff, 0xbf, 0xfa, 0xb9, 0xff, 0xbf, 0xfa, 0xb9, 0xff, 0xbf,
	0xfa, 0xb9, 0xff, 0xc0, 0xfa, 0xbb, 0xff, 0xc1, 0xfa, 0xbb, 0xff, 0xc1, 0xfa, 0xbc, 0xff, 0xc3, 0xfb,
	0xbe, 0xff, 0xc4, 0xfb, 0xc0, 0xff, 0xc6, 0xfc, 0xc5, 0xff, 0xca, 0xfd, 0xcc, 0xff, 0xc9, 0xfd, 0xcc,
	0xff, 0xdc, 0xfe, 0xe1, 0xff, 0xf2, 0xfe, 0xf4, 0xff, 0xde, 0xfe, 0xe2, 0xff, 0x3b, 0xd4, 0x2e, 0xff,
	0x34, 0x71, 0x24, 0xff, 0x2f, 0x42, 0x22, 0xff, 0x2d, 0x33, 0x21, 0xff, 0x2d, 0x2b, 0x1f, 0xff, 0x2e,
	0x28, 0x1f, 0xff, 0x2e, 0x28, 0x1f, 0xff, 0x2f, 0x27, 0x1f, 0xff, 0x2e, 0x27, 0x1f, 0xff, 0x2e, 0x27,
	0x20, 0xff, 0x2f, 0x29, 0x20, 0xff, 0x11, 0x1b, 0x0a, 0xff, 0x5e, 0x58, 0x49, 0xff, 0x6d, 0x6a, 0x5a,
	0xfd, 0x72, 0x6b, 0x60, 0xfc, 0x61, 0x5b, 0x4c, 0xff, 0x18, 0x1b, 0x10, 0xff, 0x34, 0x2d, 0x26, 0xff,
	0x30, 0x29, 0x22, 0xff, 0x30, 0x29, 0x21, 0xff, 0x30, 0x29, 0x21, 0xff, 0x30, 0x29, 0x21, 0xff, 0x30,
	0x29, 0x22, 0xff, 0x30, 0x29, 0x21, 0xff, 0x30, 0x29, 0x21, 0xff, 0x30, 0x2a, 0x21, 0xff, 0x30, 0x2d,
	0x21, 0xff, 0x2f, 0x30, 0x20, 0xff, 0x2f, 0x35, 0x20, 0xff, 0x30, 0x3d, 0x21, 0xff, 0x34, 0x48, 0x27,
	0xff, 0x33, 0x5c, 0x24, 0xff, 0x36, 0x96, 0x22, 0xff, 0x39, 0xc1, 0x22, 0xff, 0x3e, 0xcc, 0x24, 0xff,
	0x3f, 0xcd, 0x24, 0xff, 0x3f, 0xcd, 0x25, 0xff, 0x40, 0xce, 0x26, 0xff, 0x41, 0xd0, 0x26, 0xff, 0x41,
	0xd0, 0x26, 0xff, 0x40, 0xd0, 0x25, 0xff, 0x40, 0xd0, 0x24, 0xff, 0x3f, 0xd0, 0x23, 0xff, 0x3e, 0xcf,
	0x23, 0xff, 0x3f, 0xcf, 0x24, 0xff, 0x3f, 0xce, 0x24, 0xff, 0x3f, 0xce, 0x24, 0xff, 0x3f, 0xce, 0x25,
	0xff, 0x3e, 0xd0, 0x24, 0xff, 0x3f, 0xd2, 0x23, 0xff, 0x41, 0xd3, 0x24, 0xff, 0x43, 0xd5, 0x27, 0xff,
	0x42, 0xd5, 0x28, 0xff, 0x41, 0xd5, 0x28, 0xff, 0x41, 0xd4, 0x28, 0xff, 0x44, 0xd6, 0x2d, 0xff, 0x45,
	0xda, 0x2f, 0xff, 0x43, 0xda, 0x2e, 0xff, 0x40, 0xda, 0x2b, 0xff, 0x4e, 0xe1, 0x39, 0xff, 0x55, 0xee,
	0x47, 0xff, 0x62, 0xf0, 0x54, 0xff, 0x77, 0xf1, 0x73, 0xff, 0x65, 0xef, 0x5e, 0xff, 0x37, 0xbd, 0x23,
	0xff, 0x34, 0x59, 0x28, 0xff, 0x2f, 0x3e, 0x24, 0xff, 0x2e, 0x33, 0x24, 0xff, 0x2d, 0x2b, 0x20, 0xff,
	0x2f, 0x29, 0x20, 0xff, 0x2f, 0x28, 0x20, 0xff, 0x2f, 0x28, 0x1f, 0xff, 0x2f, 0x27, 0x1f, 0xff, 0x2f,
	0x27, 0x20, 0xff, 0x2f, 0x29, 0x21, 0xff, 0x10, 0x19, 0x0a, 0xff, 0x62, 0x5a, 0x4c, 0xff, 0x6f, 0x6b,
	0x5c, 0xfd, 0x75, 0x6e, 0x63, 0xfc, 0x64, 0x5e, 0x4e, 0xff, 0x17, 0x1a, 0x0f, 0xff, 0x35, 0x2e, 0x25,
	0xff, 0x30, 0x2a, 0x21, 0xff, 0x30, 0x29, 0x21, 0xff, 0x30, 0x2a, 0x21, 0xff, 0x31, 0x2a, 0x22, 0xff,
	0x31, 0x2a, 0x22, 0xff, 0x31, 0x2a, 0x24, 0xff, 0x31, 0x2a, 0x23, 0xff, 0x32, 0x2b, 0x24, 0xff, 0x30,
	0x2b, 0x22, 0xff, 0x30, 0x2e, 0x21, 0xff, 0x30, 0x31, 0x21, 0xff, 0x30, 0x36, 0x21, 0xff, 0x31, 0x3d,
	0x22, 0xff, 0x32, 0x45, 0x23, 0xff, 0x33, 0x52, 0x24, 0xff, 0x3a, 0x65, 0x2b, 0xff, 0x39, 0x69, 0x27,
	0xff, 0x38, 0x6a, 0x24, 0xff, 0x39, 0x6d, 0x24, 0xff, 0x39, 0x6f, 0x24, 0xff, 0x39, 0x70, 0x24, 0xff,
	0x39, 0x71, 0x23, 0xff, 0x39, 0x70, 0x23, 0xff, 0x38, 0x6f, 0x22, 0xff, 0x38, 0x6e, 0x23, 0xff, 0x37,
	0x6b, 0x22, 0xff, 0x37, 0x6d, 0x22, 0xff, 0x37, 0x6b, 0x22, 0xff, 0x38, 0x6b, 0x22, 0xff, 0x38, 0x6c,
	0x23, 0xff, 0x37, 0x6e, 0x23, 0xff, 0x36, 0x70, 0x22, 0xff, 0x37, 0x71, 0x22, 0xff, 0x37, 0x73, 0x22,
	0xff, 0x38, 0x72, 0x22, 0xff, 0x38, 0x71, 0x23, 0xff, 0x38, 0x71, 0x27, 0xff, 0x38, 0x71, 0x25, 0xff,
	0x37, 0x74, 0x23, 0xff, 0x36, 0x76, 0x22, 0xff, 0x36, 0x77, 0x22, 0xff, 0x37, 0x76, 0x26, 0xff, 0x34,
	0x8d, 0x22, 0xff, 0x38, 0x7e, 0x26, 0xff, 0x38, 0x86, 0x24, 0xff, 0x36, 0x87, 0x23, 0xff, 0x34, 0x6f,
	0x24, 0xff, 0x33, 0x4f, 0x27, 0xff, 0x30, 0x3a, 0x24, 0xff, 0x2e, 0x30, 0x21, 0xff, 0x2e, 0x2b, 0x20,
	0xff, 0x2f, 0x29, 0x20, 0xff, 0x2f, 0x28, 0x20, 0xff, 0x2f, 0x28, 0x20, 0xff, 0x30, 0x28, 0x20, 0xff,
	0x30, 0x28, 0x21, 0xff, 0x31, 0x2a, 0x22, 0xff, 0x10, 0x19, 0x0a, 0xff, 0x65, 0x5c, 0x4e, 0xff, 0x72,
	0x6d, 0x5e, 0xfd, 0x77, 0x70, 0x64, 0xfc, 0x67, 0x61, 0x51, 0xff, 0x16, 0x19, 0x0e, 0xff, 0x35, 0x2e,
	0x26, 0xff, 0x31, 0x2b, 0x22, 0xff, 0x31, 0x2a, 0x22, 0xff, 0x31, 0x2a, 0x21, 0xff, 0x32, 0x2b, 0x22,
	0xff, 0x31, 0x2b, 0x23, 0xff, 0x37, 0x30, 0x2a, 0xff, 0x36, 0x2f, 0x28, 0xff, 0x31, 0x2a, 0x23, 0xff,
	0x31, 0x2b, 0x22, 0xff, 0x31, 0x2c, 0x22, 0xff, 0x31, 0x2f, 0x22, 0xff, 0x31, 0x32, 0x22, 0xff, 0x31,
	0x36, 0x22, 0xff, 0x31, 0x3b, 0x23, 0xff, 0x32, 0x3f, 0x23, 0xff, 0x35, 0x44, 0x27, 0xff, 0x35, 0x46,
	0x26, 0xff, 0x34, 0x49, 0x25, 0xff, 0x34, 0x4c, 0x24, 0xff, 0x34, 0x4b, 0x24, 0xff, 0x34, 0x4b, 0x24,
	0xff, 0x35, 0x4b, 0x23, 0xff, 0x35, 0x4b, 0x23, 0xff, 0x35, 0x4c, 0x24, 0xff, 0x3f, 0x54, 0x31, 0xff,
	0x35, 0x4b, 0x26, 0xff, 0x34, 0x4a, 0x24, 0xff, 0x34, 0x4a, 0x23, 0xff, 0x34, 0x49, 0x23, 0xff, 0x34,
	0x4a, 0x22, 0xff, 0x34, 0x4a, 0x24, 0xff, 0x36, 0x4d, 0x28, 0xff, 0x34, 0x4b, 0x25, 0xff, 0x33, 0x4c,
	0x24, 0xff, 0x33, 0x4b, 0x23, 0xff, 0x33, 0x4c, 0x23, 0xff, 0x34, 0x4b, 0x23, 0xff, 0x34, 0x4b, 0x24,
	0xff, 0x33, 0x4c, 0x24, 0xff, 0x33, 0x4d, 0x23, 0xff, 0x33, 0x4d, 0x23, 0xff, 0x33, 0x4e, 0x24, 0xff,
	0x34, 0x4d, 0x25, 0xff, 0x33, 0x4d, 0x25, 0xff, 0x33, 0x4c, 0x26, 0xff, 0x33, 0x4a, 0x27, 0xff, 0x33,
	0x43, 0x26, 0xff, 0x32, 0x3d, 0x26, 0xff, 0x30, 0x35, 0x24, 0xff, 0x2f, 0x2e, 0x22, 0xff, 0x34, 0x2f,
	0x28, 0xff, 0x30, 0x29, 0x22, 0xff, 0x30, 0x29, 0x20, 0xff, 0x30, 0x29, 0x20, 0xff, 0x30, 0x28, 0x21,
	0xff, 0x31, 0x29, 0x22, 0xff, 0x32, 0x2b, 0x23, 0xff, 0x10, 0x18, 0x0a, 0xff, 0x66, 0x5d, 0x50, 0xff,
	0x73, 0x6e, 0x5f, 0xfd, 0x78, 0x71, 0x65, 0xfb, 0x69, 0x62, 0x53, 0xff, 0x14, 0x18, 0x0d, 0xff, 0x36,
	0x2f, 0x27, 0xff, 0x32, 0x2b, 0x23, 0xff, 0x32, 0x2b, 0x22, 0xff, 0x32, 0x2b, 0x22, 0xff, 0x33, 0x2c,
	0x23, 0xff, 0x33, 0x2c, 0x23, 0xff, 0x32, 0x2c, 0x24, 0xff, 0x33, 0x2c, 0x24, 0xff, 0x33, 0x2c, 0x24,
	0xff, 0x33, 0x2c, 0x24, 0xff, 0x32, 0x2c, 0x23, 0xff, 0x32, 0x2e, 0x23, 0xff, 0x32, 0x30, 0x23, 0xff,
	0x32, 0x32, 0x24, 0xff, 0x31, 0x34, 0x24, 0xff, 0x32, 0x36, 0x24, 0xff, 0x33, 0x39, 0x24, 0xff, 0x33,
	0x3b, 0x24, 0xff, 0x33, 0x3c, 0x24, 0xff, 0x33, 0x3c, 0x25, 0xff, 0x36, 0x3f, 0x28, 0xff, 0x33, 0x3e,
	0x23, 0xff, 0x33, 0x3f, 0x22, 0xff, 0x34, 0x3f, 0x23, 0xff, 0x35, 0x40, 0x25, 0xff, 0x35, 0x40, 0x26,
	0xff, 0x35, 0x3f, 0x26, 0xff, 0x34, 0x3f, 0x25, 0xff, 0x34, 0x3f, 0x24, 0xff, 0x34, 0x3e, 0x24, 0xff,
	0x34, 0x3e, 0x24, 0xff, 0x34, 0x3d, 0x24, 0xff, 0x34, 0x3d, 0x25, 0xff, 0x33, 0x3d, 0x24, 0xff, 0x33,
	0x3d, 0x23, 0xff, 0x32, 0x3d, 0x23, 0xff, 0x32, 0x3e, 0x23, 0xff, 0x32, 0x3e, 0x23, 0xff, 0x32, 0x3e,
	0x23, 0xff, 0x32, 0x3d, 0x23, 0xff, 0x32, 0x3d, 0x23, 0xff, 0x32, 0x3e, 0x22, 0xff, 0x31, 0x3e, 0x22,
	0xff, 0x31, 0x3e, 0x22, 0xff, 0x31, 0x3d, 0x24, 0xff, 0x31, 0x3c, 0x25, 0xff, 0x34, 0x3b, 0x28, 0xff,
	0x31, 0x36, 0x23, 0xff, 0x31, 0x33, 0x23, 0xff, 0x30, 0x30, 0x23, 0xff, 0x30, 0x2d, 0x23, 0xff, 0x31,
	0x2b, 0x23, 0xff, 0x31, 0x2a, 0x21, 0xff, 0x31, 0x2a, 0x21, 0xff, 0x31, 0x2a, 0x22, 0xff, 0x33, 0x2b,
	0x25, 0xff, 0x31, 0x2a, 0x23, 0xff, 0x33, 0x2c, 0x24, 0xff, 0x11, 0x18, 0x0a, 0xff, 0x68, 0x5f, 0x52,
	0xff, 0x74, 0x6f, 0x60, 0xfb, 0x7a, 0x72, 0x67, 0xf8, 0x6d, 0x65, 0x56, 0xff, 0x15, 0x1a, 0x0e, 0xff,
	0x37, 0x30, 0x28, 0xff, 0x33, 0x2c, 0x24, 0xff, 0x33, 0x2c, 0x23, 0xff, 0x33, 0x2c, 0x23, 0xff, 0x34,
	0x2c, 0x23, 0xff, 0x34, 0x2d, 0x25, 0xff, 0x34, 0x2d, 0x25, 0xff, 0x34, 0x2d, 0x24, 0xff, 0x34, 0x2d,
	0x24, 0xff, 0x33, 0x2c, 0x25, 0xff, 0x33, 0x2c, 0x25, 0xff, 0x33, 0x2d, 0x24, 0xff, 0x33, 0x2e, 0x25,
	0xff, 0x3a, 0x36, 0x2d, 0xff, 0x32, 0x31, 0x26, 0xff, 0x33, 0x32, 0x25, 0xff, 0x32, 0x33, 0x24, 0xff,
	0x33, 0x33, 0x24, 0xff, 0x33, 0x34, 0x24, 0xff, 0x34, 0x34, 0x25, 0xff, 0x34, 0x34, 0x25, 0xff, 0x34,
	0x35, 0x24, 0xff, 0x34, 0x36, 0x24, 0xff, 0x34, 0x37, 0x24, 0xff, 0x35, 0x37, 0x25, 0xff, 0x34, 0x37,
	0x25, 0xff, 0x34, 0x37, 0x25, 0xff, 0x34, 0x37, 0x26, 0xff, 0x34, 0x37, 0x25, 0xff, 0x34, 0x37, 0x25,
	0xff, 0x35, 0x36, 0x25, 0xff, 0x35, 0x36, 0x25, 0xff, 0x34, 0x35, 0x24, 0xff, 0x33, 0x35, 0x24, 0xff,
	0x33, 0x35, 0x24, 0xff, 0x33, 0x35, 0x24, 0xff, 0x32, 0x35, 0x24, 0xff, 0x32, 0x35, 0x24, 0xff, 0x32,
	0x34, 0x23, 0xff, 0x31, 0x34, 0x23, 0xff, 0x32, 0x34, 0x23, 0xff, 0x32, 0x34, 0x22, 0xff, 0x31, 0x35,
	0x22, 0xff, 0x31, 0x35, 0x23, 0xff, 0x31, 0x34, 0x23, 0xff, 0x31, 0x33, 0x23, 0xff, 0x31, 0x32, 0x23,
	0xff, 0x30, 0x30, 0x23, 0xff, 0x30, 0x2e, 0x23, 0xff, 0x30, 0x2c, 0x23, 0xff, 0x32, 0x2c, 0x24, 0xff,
	0x32, 0x2b, 0x23, 0xff, 0x32, 0x2b, 0x22, 0xff, 0x32, 0x2b, 0x22, 0xff, 0x32, 0x2b, 0x23, 0xff, 0x32,
	0x2b, 0x24, 0xff, 0x32, 0x2b, 0x23, 0xff, 0x32, 0x2b, 0x22, 0xff, 0x15, 0x1a, 0x0e, 0xff, 0x6b, 0x61,
	0x55, 0xff, 0x77, 0x71, 0x62, 0xf6, 0x7f, 0x76, 0x6c, 0xe1, 0x72, 0x68, 0x5a, 0xff, 0x20, 0x25, 0x17,
	0xff, 0x32, 0x2d, 0x26, 0xff, 0x34, 0x2d, 0x25, 0xff, 0x34, 0x2d, 0x24, 0xff, 0x35, 0x2d, 0x24, 0xff,
	0x35, 0x2d, 0x24, 0xff, 0x35, 0x2d, 0x26, 0xff, 0x34, 0x2c, 0x25, 0xff, 0x34, 0x2d, 0x25, 0xff, 0x35,
	0x2e, 0x25, 0xff, 0x34, 0x2d, 0x25, 0xff, 0x37, 0x30, 0x2a, 0xff, 0x35, 0x2e, 0x26, 0xff, 0x35, 0x2e,
	0x26, 0xff, 0x34, 0x2f, 0x26, 0xff, 0x33, 0x2f, 0x26, 0xff, 0x33, 0x2f, 0x26, 0xff, 0x35, 0x31, 0x28,
	0xff, 0x33, 0x30, 0x25, 0xff, 0x33, 0x30, 0x25, 0xff, 0x34, 0x31, 0x26, 0xff, 0x34, 0x31, 0x26, 0xff,
	0x35, 0x31, 0x25, 0xff, 0x35, 0x31, 0x25, 0xff, 0x35, 0x32, 0x25, 0xff, 0x35, 0x33, 0x26, 0xff, 0x35,
	0x32, 0x26, 0xff, 0x35, 0x32, 0x27, 0xff, 0x39, 0x36, 0x2b, 0xff, 0x35, 0x32, 0x27, 0xff, 0x35, 0x32,
	0x26, 0xff, 0x35, 0x32, 0x26, 0xff, 0x35, 0x31, 0x26, 0xff, 0x34, 0x31, 0x25, 0xff, 0x34, 0x31, 0x25,
	0xff, 0x34, 0x31, 0x25, 0xff, 0x33, 0x30, 0x25, 0xff, 0x34, 0x31, 0x27, 0xff, 0x33, 0x2f, 0x25, 0xff,
	0x32, 0x2f, 0x24, 0xff, 0x36, 0x33, 0x29, 0xff, 0x32, 0x2f, 0x24, 0xff, 0x32, 0x30, 0x23, 0xff, 0x32,
	0x30, 0x23, 0xff, 0x31, 0x30, 0x23, 0xff, 0x31, 0x30, 0x24, 0xff, 0x31, 0x2f, 0x23, 0xff, 0x31, 0x2e,
	0x23, 0xff, 0x31, 0x2d, 0x23, 0xff, 0x30, 0x2c, 0x24, 0xff, 0x31, 0x2b, 0x24, 0xff, 0x32, 0x2b, 0x24,
	0xff, 0x33, 0x2b, 0x23, 0xff, 0x33, 0x2b, 0x22, 0xff, 0x33, 0x2b, 0x23, 0xff, 0x33, 0x2b, 0x24, 0xff,
	0x33, 0x2c, 0x24, 0xff, 0x33, 0x2b, 0x24, 0xff, 0x2e, 0x29, 0x21, 0xff, 0x21, 0x25, 0x17, 0xff, 0x6f,
	0x63, 0x58, 0xff, 0x7d, 0x76, 0x68, 0xe2, 0x85, 0x7c, 0x73, 0xb6, 0x74, 0x69, 0x5e, 0xff, 0x3c, 0x3e,
	0x2f, 0xff, 0x27, 0x23, 0x1f, 0xff, 0x34, 0x2d, 0x26, 0xff, 0x36, 0x2e, 0x26, 0xff, 0x37, 0x2f, 0x26,
	0xff, 0x36, 0x2e, 0x25, 0xff, 0x35, 0x2d, 0x25, 0xff, 0x4d, 0x45, 0x3f, 0xff, 0x38, 0x30, 0x28, 0xff,
	0x36, 0x2e, 0x27, 0xff, 0x36, 0x2e, 0x26, 0xff, 0x36, 0x2e, 0x27, 0xff, 0x37, 0x2f, 0x26, 0xff, 0x36,
	0x2f, 0x27, 0xff, 0x35, 0x2f, 0x26, 0xff, 0x35, 0x2e, 0x25, 0xff, 0x34, 0x2e, 0x25, 0xff, 0x34, 0x2e,
	0x27, 0xff, 0x35, 0x2f, 0x26, 0xff, 0x35, 0x2f, 0x26, 0xff, 0x36, 0x30, 0x27, 0xff, 0x36, 0x30, 0x27,
	0xff, 0x37, 0x30, 0x27, 0xff, 0x37, 0x30, 0x27, 0xff, 0x37, 0x30, 0x27, 0xff, 0x37, 0x30, 0x27, 0xff,
	0x37, 0x30, 0x28, 0xff, 0x37, 0x30, 0x28, 0xff, 0x38, 0x31, 0x2a, 0xff, 0x37, 0x30, 0x27, 0xff, 0x37,
	0x30, 0x27, 0xff, 0x37, 0x31, 0x27, 0xff, 0x37, 0x30, 0x27, 0xff, 0x36, 0x30, 0x27, 0xff, 0x35, 0x2f,
	0x26, 0xff, 0x35, 0x2f, 0x26, 0xff, 0x35, 0x2f, 0x26, 0xff, 0x34, 0x2e, 0x26, 0xff, 0x34, 0x2e, 0x25,
	0xff, 0x34, 0x2d, 0x25, 0xff, 0x34, 0x2d, 0x25, 0xff, 0x33, 0x2d, 0x24, 0xff, 0x33, 0x2d, 0x24, 0xff,
	0x32, 0x2c, 0x25, 0xff, 0x34, 0x2f, 0x28, 0xff, 0x32, 0x2d, 0x24, 0xff, 0x32, 0x2d, 0x24, 0xff, 0x32,
	0x2c, 0x24, 0xff, 0x33, 0x2c, 0x24, 0xff, 0x45, 0x3e, 0x38, 0xff, 0x34, 0x2d, 0x26, 0xff, 0x34, 0x2c,
	0x25, 0xff, 0x34, 0x2c, 0x24, 0xff, 0x34, 0x2c, 0x24, 0xff, 0x33, 0x2b, 0x24, 0xff, 0x34, 0x2c, 0x24,
	0xff, 0x34, 0x2c, 0x24, 0xff, 0x33, 0x2c, 0x25, 0xff, 0x25, 0x21, 0x1b, 0xff, 0x3c, 0x3c, 0x2e, 0xff,
	0x72, 0x65, 0x5b, 0xff, 0x84, 0x7c, 0x6f, 0xb9, 0x9b, 0x93, 0x8b, 0x74, 0x76, 0x6b, 0x61, 0xff, 0x68,
	0x62, 0x56, 0xff, 0x17, 0x18, 0x12, 0xff, 0x39, 0x32, 0x2b, 0xff, 0x37, 0x2f, 0x27, 0xff, 0x38, 0x2f,
	0x26, 0xff, 0x37, 0x2f, 0x26, 0xff, 0x37, 0x2f, 0x26, 0xff, 0x38, 0x2f, 0x28, 0xff, 0x38, 0x2f, 0x27,
	0xff, 0x38, 0x2f, 0x27, 0xff, 0x39, 0x30, 0x27, 0xff, 0x39, 0x30, 0x27, 0xff, 0x38, 0x2f, 0x27, 0xff,
	0x38, 0x30, 0x2a, 0xff, 0x36, 0x2f, 0x27, 0xff, 0x36, 0x2f, 0x26, 0xff, 0x37, 0x2f, 0x26, 0xff, 0x37,
	0x30, 0x27, 0xff, 0x38, 0x30, 0x28, 0xff, 0x38, 0x30, 0x28, 0xff, 0x42, 0x3b, 0x34, 0xff, 0x39, 0x30,
	0x29, 0xff, 0x3a, 0x31, 0x29, 0xff, 0x3a, 0x31, 0x29, 0xff, 0x3a, 0x31, 0x28, 0xff, 0x3a, 0x31, 0x29,
	0xff, 0x3a, 0x31, 0x29, 0xff, 0x3a, 0x31, 0x29, 0xff, 0x3a, 0x31, 0x29, 0xff, 0x3a, 0x31, 0x29, 0xff,
	0x3a, 0x31, 0x28, 0xff, 0x3a, 0x31, 0x28, 0xff, 0x3a, 0x31, 0x28, 0xff, 0x39, 0x31, 0x28, 0xff, 0x38,
	0x30, 0x28, 0xff, 0x38, 0x30, 0x27, 0xff, 0x37, 0x2f, 0x27, 0xff, 0x37, 0x2f, 0x26, 0xff, 0x37, 0x2f,
	0x26, 0xff, 0x36, 0x2e, 0x26, 0xff, 0x35, 0x2d, 0x25, 0xff, 0x35, 0x2d, 0x25, 0xff, 0x34, 0x2d, 0x25,
	0xff, 0x34, 0x2d, 0x25, 0xff, 0x34, 0x2d, 0x25, 0xff, 0x34, 0x2d, 0x25, 0xff, 0x34, 0x2d, 0x25, 0xff,
	0x35, 0x2d, 0x25, 0xff, 0x35, 0x2d, 0x25, 0xff, 0x35, 0x2d, 0x25, 0xff, 0x35, 0x2d, 0x25, 0xff, 0x35,
	0x2d, 0x24, 0xff, 0x34, 0x2c, 0x24, 0xff, 0x34, 0x2c, 0x24, 0xff, 0x34, 0x2c, 0x25, 0xff, 0x34, 0x2c,
	0x25, 0xff, 0x34, 0x2c, 0x25, 0xff, 0x38, 0x31, 0x29, 0xff, 0x14, 0x15, 0x0e, 0xff, 0x65, 0x5e, 0x51,
	0xff, 0x75, 0x67, 0x5d, 0xff, 0x97, 0x91, 0x82, 0x78, 0xd0, 0xcf, 0xc6, 0x1b, 0x82, 0x78, 0x6f, 0xfa,
	0x81, 0x75, 0x6c, 0xff, 0x30, 0x34, 0x28, 0xff, 0x2e, 0x2a, 0x24, 0xff, 0x35, 0x2e, 0x27, 0xff, 0x38,
	0x30, 0x28, 0xff, 0x38, 0x30, 0x27, 0xff, 0x39, 0x30, 0x27, 0xff, 0x3a, 0x30, 0x28, 0xff, 0x3a, 0x31,
	0x28, 0xff, 0x3a, 0x31, 0x28, 0xff, 0x3a, 0x30, 0x28, 0xff, 0x3a, 0x30, 0x28, 0xff, 0x39, 0x30, 0x27,
	0xff, 0x38, 0x2f, 0x27, 0xff, 0x38, 0x30, 0x27, 0xff, 0x38, 0x30, 0x27, 0xff, 0x39, 0x30, 0x27, 0xff,
	0x39, 0x30, 0x27, 0xff, 0x3a, 0x31, 0x29, 0xff, 0x3b, 0x32, 0x29, 0xff, 0x3b, 0x32, 0x2a, 0xff, 0x3c,
	0x33, 0x2b, 0xff, 0x49, 0x40, 0x3a, 0xff, 0x3c, 0x33, 0x2b, 0xff, 0x3c, 0x33, 0x2a, 0xff, 0x3d, 0x33,
	0x2a, 0xff, 0x3c, 0x33, 0x2a, 0xff, 0x3c, 0x32, 0x2b, 0xff, 0x3c, 0x33, 0x2b, 0xff, 0x3c, 0x33, 0x2a,
	0xff, 0x3c, 0x33, 0x29, 0xff, 0x3c, 0x33, 0x29, 0xff, 0x3c, 0x32, 0x2a, 0xff, 0x3d, 0x33, 0x2d, 0xff,
	0x3a, 0x31, 0x29, 0xff, 0x3a, 0x31, 0x28, 0xff, 0x39, 0x31, 0x28, 0xff, 0x39, 0x30, 0x27, 0xff, 0x39,
	0x30, 0x27, 0xff, 0x38, 0x2f, 0x27, 0xff, 0x37, 0x2e, 0x27, 0xff, 0x36, 0x2e, 0x26, 0xff, 0x36, 0x2e,
	0x25, 0xff, 0x35, 0x2e, 0x25, 0xff, 0x35, 0x2d, 0x25, 0xff, 0x35, 0x2d, 0x25, 0xff, 0x35, 0x2e, 0x25,
	0xff, 0x36, 0x2e, 0x25, 0xff, 0x36, 0x2e, 0x25, 0xff, 0x36, 0x2e, 0x25, 0xff, 0x37, 0x2e, 0x25, 0xff,
	0x36, 0x2e, 0x25, 0xff, 0x36, 0x2d, 0x25, 0xff, 0x35, 0x2d, 0x25, 0xff, 0x3a, 0x31, 0x2c, 0xff, 0x34,
	0x2c, 0x25, 0xff, 0x34, 0x2d, 0x26, 0xff, 0x29, 0x26, 0x21, 0xff, 0x2b, 0x30, 0x23, 0xff, 0x80, 0x72,
	0x69, 0xff, 0x83, 0x77, 0x6d, 0xfb, 0xc7, 0xc9, 0xbc, 0x1e, 0x00, 0x00, 0x00, 0x00, 0x9f, 0x96, 0x8f,
	0x98, 0x83, 0x76, 0x6d, 0xff, 0x79, 0x71, 0x66, 0xff, 0x15, 0x18, 0x12, 0xff, 0x37, 0x32, 0x2a, 0xff,
	0x35, 0x2e, 0x27, 0xff, 0x39, 0x30, 0x27, 0xff, 0x3a, 0x31, 0x28, 0xff, 0x3a, 0x31, 0x28, 0xff, 0x3a,
	0x31, 0x29, 0xff, 0x3a, 0x31, 0x29, 0xff, 0x3a, 0x30, 0x29, 0xff, 0x3a, 0x30, 0x28, 0xff, 0x3a, 0x30,
	0x27, 0xff, 0x39, 0x30, 0x27, 0xff, 0x39, 0x30, 0x27, 0xff, 0x39, 0x31, 0x28, 0xff, 0x3a, 0x31, 0x28,
	0xff, 0x3a, 0x31, 0x28, 0xff, 0x3b, 0x32, 0x28, 0xff, 0x3c, 0x33, 0x29, 0xff, 0x3d, 0x34, 0x2a, 0xff,
	0x3d, 0x33, 0x2c, 0xff, 0x3d, 0x34, 0x2c, 0xff, 0x3e, 0x34, 0x2c, 0xff, 0x3e, 0x34, 0x2b, 0xff, 0x3e,
	0x34, 0x2b, 0xff, 0x3e, 0x34, 0x2c, 0xff, 0x42, 0x38, 0x31, 0xff, 0x3e, 0x34, 0x2d, 0xff, 0x3f, 0x35,
	0x2c, 0xff, 0x3e, 0x34, 0x2c, 0xff, 0x3e, 0x34, 0x2b, 0xff, 0x3d, 0x34, 0x2b, 0xff, 0x3d, 0x33, 0x2b,
	0xff, 0x3c, 0x33, 0x2a, 0xff, 0x3b, 0x32, 0x2a, 0xff, 0x39, 0x31, 0x2a, 0xff, 0x3a, 0x31, 0x28, 0xff,
	0x39, 0x31, 0x28, 0xff, 0x39, 0x30, 0x28, 0xff, 0x3b, 0x32, 0x2b, 0xff, 0x37, 0x2f, 0x27, 0xff, 0x37,
	0x2f, 0x26, 0xff, 0x37, 0x2f, 0x26, 0xff, 0x37, 0x2e, 0x25, 0xff, 0x36, 0x2e, 0x25, 0xff, 0x36, 0x2e,
	0x26, 0xff, 0x36, 0x2e, 0x26, 0xff, 0x36, 0x2f, 0x26, 0xff, 0x36, 0x2e, 0x26, 0xff, 0x37, 0x2f, 0x26,
	0xff, 0x37, 0x2e, 0x25, 0xff, 0x37, 0x2e, 0x26, 0xff, 0x36, 0x2e, 0x26, 0xff, 0x35, 0x2d, 0x25, 0xff,
	0x34, 0x2c, 0x25, 0xff, 0x35, 0x30, 0x2a, 0xff, 0x11, 0x15, 0x0e, 0xff, 0x73, 0x69, 0x5e, 0xff, 0x81,
	0x73, 0x69, 0xff, 0x9c, 0x93, 0x8a, 0x9f, 0x00, 0x00, 0x00, 0x00, 0x00, 0x00, 0x00, 0x00, 0xd9, 0xd7,
	0xd1, 0x11, 0x91, 0x86, 0x7d, 0xe1, 0x87, 0x7a, 0x6f, 0xff, 0x70, 0x69, 0x5e, 0xff, 0x15, 0x17, 0x11,
	0xff, 0x34, 0x2f, 0x27, 0xff, 0x41, 0x39, 0x30, 0xff, 0x3c, 0x33, 0x2b, 0xff, 0x3b, 0x32, 0x2a, 0xff,
	0x3b, 0x32, 0x2a, 0xff, 0x3a, 0x31, 0x29, 0xff, 0x3d, 0x34, 0x2d, 0xff, 0x3a, 0x31, 0x28, 0xff, 0x3a,
	0x31, 0x28, 0xff, 0x3a, 0x31, 0x28, 0xff, 0x3a, 0x31, 0x28, 0xff, 0x3b, 0x31, 0x29, 0xff, 0x3b, 0x32,
	0x29, 0xff, 0x3b, 0x32, 0x29, 0xff, 0x3c, 0x33, 0x2a, 0xff, 0x3c, 0x34, 0x2a, 0xff, 0x3d, 0x34, 0x2c,
	0xff, 0x3f, 0x35, 0x2e, 0xff, 0x3e, 0x35, 0x2d, 0xff, 0x3f, 0x36, 0x2d, 0xff, 0x3f, 0x36, 0x2d, 0xff,
	0x40, 0x37, 0x2e, 0xff, 0x40, 0x37, 0x2e, 0xff, 0x40, 0x36, 0x2e, 0xff, 0x40, 0x36, 0x2e, 0xff, 0x40,
	0x36, 0x2e, 0xff, 0x40, 0x36, 0x2d, 0xff, 0x40, 0x35, 0x2d, 0xff, 0x3f, 0x35, 0x2d, 0xff, 0x3e, 0x35,
	0x2c, 0xff, 0x3d, 0x34, 0x2c, 0xff, 0x3d, 0x34, 0x2b, 0xff, 0x3e, 0x35, 0x2e, 0xff, 0x3b, 0x32, 0x29,
	0xff, 0x3a, 0x31, 0x29, 0xff, 0x3a, 0x31, 0x28, 0xff, 0x39, 0x30, 0x28, 0xff, 0x39, 0x30, 0x28, 0xff,
	0x38, 0x30, 0x27, 0xff, 0x38, 0x2f, 0x27, 0xff, 0x37, 0x2f, 0x27, 0xff, 0x37, 0x2e, 0x26, 0xff, 0x37,
	0x2e, 0x26, 0xff, 0x37, 0x2f, 0x26, 0xff, 0x37, 0x2f, 0x27, 0xff, 0x37, 0x2f, 0x27, 0xff, 0x37, 0x2f,
	0x27, 0xff, 0x38, 0x2f, 0x27, 0xff, 0x39, 0x30, 0x28, 0xff, 0x39, 0x31, 0x28, 0xff, 0x3f, 0x36, 0x2e,
	0xff, 0x31, 0x2d, 0x27, 0xff, 0x11, 0x15, 0x0e, 0xff, 0x68, 0x61, 0x55, 0xff, 0x81, 0x73, 0x68, 0xff,
	0x8a, 0x80, 0x75, 0xe6, 0xc9, 0xc9, 0xc0, 0x16, 0x00, 0x00, 0x00, 0x00, 0x00, 0x00, 0x00, 0x00, 0x00,
	0x00, 0x00, 0x00, 0xba, 0xb4, 0xac, 0x30, 0x8e, 0x84, 0x79, 0xee, 0x8c, 0x80, 0x75, 0xff, 0x80, 0x77,
	0x6c, 0xff, 0x2e, 0x32, 0x29, 0xff, 0x1d, 0x1e, 0x16, 0xff, 0x38, 0x34, 0x2b, 0xff, 0x44, 0x3c, 0x31,
	0xff, 0x45, 0x3c, 0x30, 0xff, 0x42, 0x3a, 0x2f, 0xff, 0x42, 0x3a, 0x2f, 0xff, 0x43, 0x3b, 0x30, 0xff,
	0x44, 0x3c, 0x31, 0xff, 0x45, 0x3d, 0x32, 0xff, 0x46, 0x3d, 0x32, 0xff, 0x47, 0x3e, 0x33, 0xff, 0x48,
	0x3e, 0x33, 0xff, 0x48, 0x3e, 0x33, 0xff, 0x48, 0x3f, 0x34, 0xff, 0x48, 0x40, 0x34, 0xff, 0x49, 0x40,
	0x36, 0xff, 0x4a, 0x41, 0x36, 0xff, 0x4a, 0x41, 0x37, 0xff, 0x4b, 0x42, 0x37, 0xff, 0x4c, 0x43, 0x38,
	0xff, 0x4d, 0x44, 0x39, 0xff, 0x4d, 0x44, 0x39, 0xff, 0x4e, 0x45, 0x3a, 0xff, 0x4e, 0x45, 0x3a, 0xff,
	0x4e, 0x45, 0x3a, 0xff, 0x4d, 0x44, 0x3a, 0xff, 0x4d, 0x44, 0x39, 0xff, 0x4b, 0x42, 0x38, 0xff, 0x4a,
	0x41, 0x37, 0xff, 0x49, 0x41, 0x36, 0xff, 0x48, 0x40, 0x35, 0xff, 0x47, 0x3f, 0x35, 0xff, 0x46, 0x3e,
	0x33, 0xff, 0x45, 0x3d, 0x33, 0xff, 0x45, 0x3c, 0x32, 0xff, 0x44, 0x3c, 0x32, 0xff, 0x44, 0x3c, 0x31,
	0xff, 0x43, 0x3b, 0x30, 0xff, 0x42, 0x3a, 0x30, 0xff, 0x42, 0x3a, 0x30, 0xff, 0x41, 0x39, 0x2f, 0xff,
	0x41, 0x39, 0x2f, 0xff, 0x41, 0x38, 0x2e, 0xff, 0x3f, 0x37, 0x2e, 0xff, 0x3e, 0x36, 0x2d, 0xff, 0x3f,
	0x37, 0x2d, 0xff, 0x42, 0x39, 0x2f, 0xff, 0x41, 0x38, 0x2e, 0xff, 0x37, 0x31, 0x2a, 0xff, 0x1d, 0x1f,
	0x15, 0xff, 0x2b, 0x32, 0x23, 0xff, 0x78, 0x72, 0x64, 0xff, 0x87, 0x7a, 0x6f, 0xff, 0x8b, 0x80, 0x74,
	0xf2, 0xb4, 0xb0, 0xa5, 0x36, 0x00, 0x00, 0x00, 0x00, 0x00, 0x00, 0x00, 0x00, 0x00, 0x00, 0x00, 0x00,
	0x00, 0x00, 0x00, 0x00, 0x00, 0x00, 0x00, 0x00, 0xc0, 0xbb, 0xb3, 0x30, 0x9e, 0x95, 0x8c, 0xe1, 0x96,
	0x89, 0x80, 0xff, 0x99, 0x8d, 0x85, 0xff, 0x77, 0x72, 0x67, 0xff, 0x40, 0x43, 0x36, 0xff, 0x1b, 0x20,
	0x16, 0xff, 0x0c, 0x12, 0x08, 0xff, 0x0f, 0x14, 0x09, 0xff, 0x10, 0x16, 0x09, 0xff, 0x10, 0x17, 0x0a,
	0xff, 0x11, 0x19, 0x0a, 0xff, 0x11, 0x1a, 0x0a, 0xff, 0x11, 0x1b, 0x0a, 0xff, 0x12, 0x1b, 0x0a, 0xff,
	0x12, 0x1c, 0x0a, 0xff, 0x12, 0x1d, 0x0a, 0xff, 0x13, 0x1f, 0x0b, 0xff, 0x13, 0x21, 0x0a, 0xff, 0x13,
	0x23, 0x0a, 0xff, 0x14, 0x25, 0x0b, 0xff, 0x15, 0x27, 0x0b, 0xff, 0x15, 0x29, 0x0c, 0xff, 0x16, 0x2c,
	0x0c, 0xff, 0x17, 0x2e, 0x0d, 0xff, 0x17, 0x2f, 0x0d, 0xff, 0x18, 0x30, 0x0e, 0xff, 0x18, 0x31, 0x0e,
	0xff, 0x18, 0x31, 0x0e, 0xff, 0x18, 0x31, 0x0e, 0xff, 0x17, 0x30, 0x0e, 0xff, 0x17, 0x2f, 0x0e, 0xff,
	0x17, 0x2e, 0x0d, 0xff, 0x17, 0x2d, 0x0d, 0xff, 0x16, 0x2b, 0x0d, 0xff, 0x15, 0x28, 0x0c, 0xff, 0x14,
	0x25, 0x0b, 0xff, 0x13, 0x23, 0x0a, 0xff, 0x12, 0x21, 0x09, 0xff, 0x12, 0x1f, 0x0a, 0xff, 0x12, 0x1e,
	0x0a, 0xff, 0x11, 0x1c, 0x0a, 0xff, 0x11, 0x1a, 0x0a, 0xff, 0x11, 0x19, 0x09, 0xff, 0x10, 0x18, 0x09,
	0xff, 0x10, 0x17, 0x09, 0xff, 0x0f, 0x16, 0x09, 0xff, 0x0f, 0x15, 0x09, 0xff, 0x0f, 0x15, 0x09, 0xff,
	0x0f, 0x14, 0x09, 0xff, 0x0c, 0x12, 0x08, 0xff, 0x1b, 0x1f, 0x15, 0xff, 0x3c, 0x3f, 0x30, 0xff, 0x71,
	0x6d, 0x5b, 0xff, 0x92, 0x87, 0x7a, 0xff, 0x8f, 0x84, 0x76, 0xff, 0x99, 0x90, 0x85, 0xe7, 0xbc, 0xb9,
	0xaf, 0x38, 0x00, 0x00, 0x00, 0x00, 0x00, 0x00, 0x00, 0x00, 0x00, 0x00, 0x00, 0x00, 0x00, 0x00, 0x00,
	0x00, 0x00, 0x00, 0x00, 0x00, 0x00, 0x00, 0x00, 0x00, 0x00, 0x00, 0x00, 0x00, 0xe4, 0xe2, 0xda, 0x10,
	0xb5, 0xad, 0xa6, 0x9a, 0x9e, 0x93, 0x8a, 0xfb, 0x97, 0x8a, 0x7e, 0xff, 0x9a, 0x8d, 0x81, 0xff, 0x9d,
	0x92, 0x84, 0xff, 0xa1, 0x97, 0x87, 0xff, 0xa4, 0x9a, 0x8a, 0xff, 0xa7, 0x9d, 0x8d, 0xff, 0xa9, 0xa0,
	0x8f, 0xff, 0xac, 0xa3, 0x92, 0xff, 0xb0, 0xa6, 0x95, 0xff, 0xb3, 0xa9, 0x98, 0xff, 0xb6, 0xad, 0x9c,
	0xff, 0xba, 0xb1, 0xa0, 0xff, 0xbd, 0xb4, 0xa3, 0xff, 0xc0, 0xb7, 0xa7, 0xff, 0xc3, 0xbb, 0xaa, 0xff,
	0xc6, 0xbf, 0xae, 0xff, 0xc9, 0xc2, 0xb2, 0xff, 0xcc, 0xc5, 0xb5, 0xff, 0xce, 0xc7, 0xb8, 0xff, 0xd1,
	0xca, 0xba, 0xff, 0xd3, 0xcd, 0xbe, 0xff, 0xd5, 0xcf, 0xc0, 0xff, 0xd7, 0xd1, 0xc2, 0xff, 0xd8, 0xd2,
	0xc2, 0xff, 0xd7, 0xd2, 0xc2, 0xff, 0xd7, 0xd2, 0xc2, 0xff, 0xd7, 0xd2, 0xc2, 0xff, 0xd7, 0xd1, 0xc2,
	0xff, 0xd6, 0xcf, 0xc0, 0xff, 0xd4, 0xce, 0xbe, 0xff, 0xd2, 0xcb, 0xbb, 0xff, 0xd0, 0xc9, 0xb8, 0xff,
	0xcc, 0xc5, 0xb5, 0xff, 0xc9, 0xc2, 0xb1, 0xff, 0xc6, 0xbf, 0xae, 0xff, 0xc1, 0xba, 0xa9, 0xff, 0xbe,
	0xb5, 0xa5, 0xff, 0xb9, 0xb0, 0xa1, 0xff, 0xb5, 0xac, 0x9b, 0xff, 0xb0, 0xa7, 0x95, 0xff, 0xac, 0xa2,
	0x91, 0xff, 0xa8, 0x9f, 0x8e, 0xff, 0xa4, 0x9a, 0x8a, 0xff, 0xa0, 0x97, 0x86, 0xff, 0x9d, 0x94, 0x83,
	0xff, 0x9a, 0x91, 0x80, 0xff, 0x98, 0x8e, 0x7e, 0xff, 0x94, 0x88, 0x79, 0xff, 0x93, 0x85, 0x77, 0xff,
	0x90, 0x83, 0x75, 0xff, 0x98, 0x8d, 0x80, 0xfb, 0xac, 0xa5, 0x99, 0x9f, 0xd4, 0xd5, 0xca, 0x16, 0x00,
	0x00, 0x00, 0x00, 0x00, 0x00, 0x00, 0x00, 0x00, 0x00, 0x00, 0x00, 0x00, 0x00, 0x00, 0x00, 0x00, 0x00,
	0x00, 0x00, 0x00, 0x00, 0x00, 0x00, 0x00, 0x00, 0x00, 0x00, 0x00, 0x00, 0x00, 0x00, 0x00, 0x00, 0x00,
	0x00, 0x00, 0x00, 0x00, 0x00, 0xe0, 0xdd, 0xd1, 0x1f, 0xb9, 0xb1, 0xa6, 0x79, 0xae, 0xa4, 0x99, 0xbc,
	0xae, 0xa5, 0x98, 0xe4, 0xb2, 0xa9, 0x9c, 0xf4, 0xb3, 0xaa, 0x9e, 0xf5, 0xb6, 0xad, 0xa1, 0xf5, 0xb8,
	0xaf, 0xa3, 0xf5, 0xba, 0xb1, 0xa4, 0xf5, 0xbd, 0xb4, 0xa7, 0xf5, 0xc0, 0xb7, 0xaa, 0xf4, 0xc2, 0xb9,
	0xad, 0xf4, 0xc5, 0xbc, 0xb0, 0xf5, 0xc8, 0xc0, 0xb4, 0xf5, 0xcb, 0xc3, 0xb7, 0xf5, 0xce, 0xc6, 0xbb,
	0xf5, 0xd0, 0xc9, 0xbe, 0xf6, 0xd2, 0xcb, 0xc0, 0xf6, 0xd4, 0xcd, 0xc2, 0xf6, 0xd6, 0xd0, 0xc5, 0xf7,
	0xd8, 0xd2, 0xc7, 0xf8, 0xda, 0xd4, 0xca, 0xf9, 0xdc, 0xd5, 0xcb, 0xf9, 0xdd, 0xd7, 0xcc, 0xfa, 0xde,
	0xd8, 0xcd, 0xfa, 0xde, 0xd9, 0xcd, 0xfa, 0xde, 0xd9, 0xce, 0xfa, 0xde, 0xd9, 0xce, 0xfb, 0xde, 0xd8,
	0xce, 0xfb, 0xdd, 0xd7, 0xcd, 0xfb, 0xdc, 0xd6, 0xcb, 0xfa, 0xdb, 0xd5, 0xca, 0xfa, 0xd9, 0xd2, 0xc8,
	0xfa, 0xd7, 0xcf, 0xc4, 0xfb, 0xd3, 0xcc, 0xc0, 0xfa, 0xd0, 0xc9, 0xbd, 0xf6, 0xcc, 0xc5, 0xb9, 0xf6,
	0xc9, 0xc1, 0xb5, 0xf5, 0xc6, 0xbe, 0xb1, 0xf5, 0xc2, 0xba, 0xad, 0xf5, 0xbe, 0xb6, 0xa9, 0xf5, 0xba,
	0xb2, 0xa4, 0xf5, 0xb7, 0xaf, 0xa1, 0xf5, 0xb4, 0xab, 0x9e, 0xf5, 0xb2, 0xa9, 0x9c, 0xf4, 0xaf, 0xa6,
	0x9a, 0xf5, 0xac, 0xa3, 0x96, 0xf6, 0xa9, 0x9f, 0x93, 0xf4, 0xa5, 0x9c, 0x8f, 0xe3, 0xa7, 0x9d, 0x91,
	0xbd, 0xb2, 0xab, 0x9d, 0x7b, 0xd7, 0xd7, 0xcb, 0x20, 0x00, 0x00, 0x00, 0x00, 0x00, 0x00, 0x00, 0x00,
	0x00, 0x00, 0x00, 0x00, 0x00, 0x00, 0x00, 0x00, 0x00, 0x00, 0x00, 0x00, 0x00, 0x00, 0x00, 0x00,
};
